id_central;nombre;tecnologia;tipo_central;observacion;id_empresa
0;No Central ;0;0;;0.0
1;ANGAMOS;BESS;BESS;;0.0
2;ARICA;BESS;BESS;;0.0
3;ESCUADRON;BioMasa;TERMOELECTRICA;;0.0
4;ARAUCO;BioMasa;TERMOELECTRICA;;0.0
5;ARAUCO_MAPA_1;BioMasa;TERMOELECTRICA;;0.0
6;ARAUCO_MAPA_2;BioMasa;TERMOELECTRICA;;0.0
7;CMPC TISSUE;Termica;TERMOELECTRICA;;0.0
8;CMPC_LAJA;BioMasa;TERMOELECTRICA;;0.0
9;COMASA;BioMasa;TERMOELECTRICA;;0.0
10;COMASA_U1;BioMasa;TERMOELECTRICA;;0.0
11;COMASA_U2;BioMasa;TERMOELECTRICA;;0.0
12;CORDILLERA;Termica;TERMOELECTRICA;;0.0
13;ENERGIA_PACIFICO;BioMasa;TERMOELECTRICA;;0.0
14;PMGD TER LOMAS COLORADAS;BioMasa;Central;;0.0
15;TER ESCUADRON;BioMasa;Central;;0.0
16;LAJA_E.VERDE;BioMasa;Central;;
17;LICANTEN;BioMasa;TERMOELECTRICA;;0.0
18;LOMA_LOS_COLORADOS_1;Biogas;TERMOELECTRICA;;0.0
19;LOMA_LOS_COLORADOS_2;Biogas;TERMOELECTRICA;;0.0
20;MASISA;BioMasa;TERMOELECTRICA;;0.0
21;NUEVA_ALDEA;BioMasa;TERMOELECTRICA;;0.0
22;SANTA_MARTA;Biogas;TERMOELECTRICA;;0.0
23;VINALES;BioMasa;TERMOELECTRICA;;0.0
24;ALENA;Eolico;EOLICA;;0.0
25;ARRAYAN;Eolico;EOLICA;;0.0
26;AURORA;Eolico;EOLICA;;0.0
27;BUENOS_AIRES;Eolico;EOLICA;;0.0
28;CABO_LEONES_I;Eolico;EOLICA;;0.0
29;CABO_LEONES_II;Eolico;EOLICA;;0.0
30;CABO_LEONES_III;Eolico;EOLICA;;0.0
31;CAMPO_LINDO;Eolico;EOLICA;;0.0
32;CANELA_1;Eolico;EOLICA;;0.0
33;CANELA_2;Eolico;EOLICA;;0.0
34;CERROTIGRE;Eolico;EOLICA;;0.0
35;CUEL;Eolico;EOLICA;;0.0
36;LAESTRELLA;Eolico;EOLICA;;0.0
37;LLANOS_DEL_VIENTO;Eolico;EOLICA;;0.0
38;LOMAS_DUQUECO;Eolico;EOLICA;;0.0
39;LOS_CURUROS;Eolico;EOLICA;;0.0
40;MESAMAVIDA;Eolico;EOLICA;;0.0
41;MONTE_REDONDO;Eolico;EOLICA;;0.0
42;NEGRETE;Eolico;EOLICA;;0.0
43;PARQUE_EOLICO_SARCO;Eolico;EOLICA;;0.0
44;PECALAMA;Eolico;EOLICA;;0.0
45;PUNTA_PALMERAS;Eolico;EOLICA;;0.0
46;PUNTA_SIERRA;Eolico;EOLICA;;0.0
47;SAN_JUAN_LAP;Eolico;EOLICA;;0.0
48;SAN_PEDRO;Eolico;EOLICA;;0.0
49;SAN_PEDRO2;Eolico;EOLICA;;0.0
50;SIERRAGORDAE;Eolico;EOLICA;;0.0
51;TALINAY_ORIENTE;Eolico;EOLICA;;0.0
52;TALINAY_PONIENTE;Eolico;EOLICA;;0.0
53;TALTAL;Eolico;Central;;0.0
54;TCHAMMA;Eolico;EOLICA;;0.0
55;VALLEDELOSVIENTOS;Eolico;Central;;0.0
56;AGUILA;Fotovoltaico;SOLAR;;0.0
57;ALMEYDA;Fotovoltaico;SOLAR;;0.0
58;ANDESSOLAR;Fotovoltaico;SOLAR;;0.0
59;ANDESSOLAR2;Fotovoltaico;SOLAR;;0.0
60;ANDESSOLAR2B;Fotovoltaico;SOLAR;;0.0
61;AZABACHE;Fotovoltaico;SOLAR;;0.0
62;BOLERO;Fotovoltaico;SOLAR;;0.0
63;CAMPOS_DE_SOL;Fotovoltaico;SOLAR;;0.0
64;CAPRICORNIO;Fotovoltaico;SOLAR;;0.0
65;CHAÑARES;Fotovoltaico;SOLAR;;0.0
66;CONEJO;Fotovoltaico;SOLAR;;0.0
67;DALMAGRO_SUR;Fotovoltaico;SOLAR;;0.0
68;DOMEYKO;Fotovoltaico;SOLAR;;0.0
69;DONACARMEN;Fotovoltaico;SOLAR;;0.0
70;EL_PELICANO;Fotovoltaico;SOLAR;;0.0
71;EL_ROMERO;Fotovoltaico;SOLAR;;0.0
72;ESPERANZA;Termica;TERMOELECTRICA;;0.0
73;FINISTERRAE;Fotovoltaico;SOLAR;;0.0
74;GPG;Fotovoltaico;Central;;0.0
75;GRANJA_SOLAR;Fotovoltaico;SOLAR;;0.0
76;GUANCHOI;Fotovoltaico;SOLAR;;0.0
77;JAVIERA;Fotovoltaico;SOLAR;;0.0
78;LA_CRUZ_SOLAR;Fotovoltaico;SOLAR;;0.0
79;LA_HUELLA;Fotovoltaico;SOLAR;;0.0
80;LAHUAYCA_II;Fotovoltaico;SOLAR;;0.0
81;LALACKAMA1;Fotovoltaico;SOLAR;;0.0
82;LALACKAMA2;Fotovoltaico;SOLAR;;0.0
83;LLANO_DE_LLAMPOS;Fotovoltaico;SOLAR;;0.0
84;LOMA_LOS_COLORADOS;Fotovoltaico;Central;;0.0
85;LOS_LOROS;Fotovoltaico;SOLAR;;0.0
86;LUZ_DEL_NORTE;Fotovoltaico;SOLAR;;0.0
87;MARGARIDA_I;Fotovoltaico;SOLAR;;0.0
88;MARGARIDA_II;Fotovoltaico;SOLAR;;0.0
89;MARIAELENA;Fotovoltaico;Central;;0.0
90;NUEVA_ATACAMA;Fotovoltaico;Central;;0.0
91;NUEVA QUILLAGUA;Fotovoltaico;SOLAR;;0.0
92;PALMONTE2;Fotovoltaico;SOLAR;;0.0
93;PALMONTE3;Fotovoltaico;SOLAR;;0.0
94;PAMPA_NORTE;Fotovoltaico;SOLAR;;0.0
95;PAMPATIGRE;Fotovoltaico;SOLAR;;0.0
96;PV_SALVADOR;Fotovoltaico;SOLAR;;0.0
97;QUILAPILUN;Fotovoltaico;SOLAR;;0.0
98;RIO_ESCONDIDO;Fotovoltaico;SOLAR;;0.0
99;SAN_ANDRES2;Fotovoltaico;Central;;0.0
100;SANTIAGO_SOLAR;Fotovoltaico;SOLAR;;0.0
101;SDDESIERTO;Fotovoltaico;SOLAR;;0.0
102;SOL_DE_LOS_ANDES;Fotovoltaico;SOLAR;;0.0
103;SOLAR_CPINTO;Fotovoltaico;SOLAR;;0.0
104;SOLDELILA;Fotovoltaico;Central;;0.0
105;SPIII;Fotovoltaico;SOLAR;;0.0
106;STAISABEL;Fotovoltaico;Central;;0.0
107;TAMAYA;Fotovoltaico;SOLAR;;0.0
108;URIBE;Fotovoltaico;SOLAR;;0.0
109;USYA;Fotovoltaico;SOLAR;;0.0
110;VALLE_ESCONDIDO;Fotovoltaico;SOLAR;;0.0
111;VALLEDELSOL;Fotovoltaico;SOLAR;;0.0
112;CERROPABELLON;Geotermia;GEOTERMICA;;0.0
113;ALTO_CACHAPOAL;HidroeléctricaPasada;Central;;0.0
114;ANGOSTURA1;HidroeléctricaEmbalse;HIDROELECTRICA;;0.0
115;ANGOSTURA2;HidroeléctricaEmbalse;HIDROELECTRICA;;0.0
116;ANTUCO1;HidroeléctricaEmbalse;HIDROELECTRICA;;0.0
117;ANTUCO2;HidroeléctricaEmbalse;HIDROELECTRICA;;0.0
118;CANUTILLAR_U1;HidroeléctricaEmbalse;HIDROELECTRICA;;0.0
119;CANUTILLAR_U2;HidroeléctricaEmbalse;HIDROELECTRICA;;0.0
120;CIPRESES1;HidroeléctricaEmbalse;HIDROELECTRICA;;0.0
121;CIPRESES2;HidroeléctricaEmbalse;HIDROELECTRICA;;0.0
122;CIPRESES3;HidroeléctricaEmbalse;HIDROELECTRICA;;0.0
123;COLBUN_U1;HidroeléctricaEmbalse;HIDROELECTRICA;;0.0
124;COLBUN_U2;HidroeléctricaEmbalse;HIDROELECTRICA;;0.0
125;ELTORO1;HidroeléctricaEmbalse;HIDROELECTRICA;;0.0
126;ELTORO3;HidroeléctricaEmbalse;HIDROELECTRICA;;0.0
127;ELTORO4;HidroeléctricaEmbalse;HIDROELECTRICA;;0.0
128;MACHICURACGED;HidroeléctricaEmbalse;HIDROELECTRICA;;0.0
129;PANGUE1;HidroeléctricaEmbalse;HIDROELECTRICA;;0.0
130;PANGUE2;HidroeléctricaEmbalse;HIDROELECTRICA;;0.0
131;PEHUENCHE1;HidroeléctricaEmbalse;HIDROELECTRICA;;0.0
132;PEHUENCHE2;HidroeléctricaEmbalse;HIDROELECTRICA;;0.0
133;RALCO1;HidroeléctricaEmbalse;HIDROELECTRICA;;0.0
134;RALCO2;HidroeléctricaEmbalse;HIDROELECTRICA;;0.0
135;RAPELU1;HidroeléctricaEmbalse;HIDROELECTRICA;;0.0
136;RAPELU2;HidroeléctricaEmbalse;HIDROELECTRICA;;0.0
137;RAPELU3;HidroeléctricaEmbalse;HIDROELECTRICA;;0.0
138;RAPELU4;HidroeléctricaEmbalse;HIDROELECTRICA;;0.0
139;RAPELU5;HidroeléctricaEmbalse;HIDROELECTRICA;;0.0
140;ABANICO;HidroeléctricaPasada;HIDROELECTRICA;;0.0
141;ACONCAGUA_BLANCO;HidroeléctricaPasada;HIDROELECTRICA;;0.0
142;ACONCAGUA_JUNCAL;HidroeléctricaPasada;HIDROELECTRICA;;0.0
143;ALFALFAL;HidroeléctricaPasada;HIDROELECTRICA;;0.0
144;ALFALFAL_II_1;HidroeléctricaPasada;HIDROELECTRICA;;0.0
145;ALFALFAL_II_2;HidroeléctricaPasada;HIDROELECTRICA;;0.0
146;ALTORENAICO;HidroeléctricaPasada;HIDROELECTRICA;;0.0
147;CAPULLO;HidroeléctricaPasada;HIDROELECTRICA;;0.0
148;CARENA;HidroeléctricaPasada;HIDROELECTRICA;;0.0
149;CARILAFQUEN_U1;HidroeléctricaPasada;HIDROELECTRICA;;0.0
150;CARILAFQUEN_U2;HidroeléctricaPasada;HIDROELECTRICA;;0.0
151;CHACABUQUITO;HidroeléctricaPasada;HIDROELECTRICA;;0.0
152;CHACAYES_MINEROS;HidroeléctricaPasada;HIDROELECTRICA;;0.0
153;CHACAYES1;HidroeléctricaPasada;HIDROELECTRICA;;0.0
154;CHACAYES2;HidroeléctricaPasada;HIDROELECTRICA;;0.0
155;CHAPIQUINA;HidroeléctricaPasada;HIDROELECTRICA;;0.0
156;CHIBURGO;HidroeléctricaPasada;HIDROELECTRICA;;0.0
157;CONFLUENCIA;HidroeléctricaPasada;HIDROELECTRICA;;0.0
158;CONVIEJO;HidroeléctricaPasada;HIDROELECTRICA;;0.0
159;CURILLINQUE;HidroeléctricaPasada;HIDROELECTRICA;;0.0
160;DIGUA;HidroeléctricaPasada;HIDROELECTRICA;;0.0
161;EANCOA;HidroeléctricaPasada;HIDROELECTRICA;;0.0
162;ELPASO;HidroeléctricaPasada;HIDROELECTRICA;;0.0
163;FLORIDA_1;HidroeléctricaPasada;HIDROELECTRICA;;0.0
164;FLORIDA_2;HidroeléctricaPasada;HIDROELECTRICA;;0.0
165;FLORIDA_3;HidroeléctricaPasada;HIDROELECTRICA;;0.0
166;GUAYACAN;HidroeléctricaPasada;HIDROELECTRICA;;0.0
167;HIGUERAS;HidroeléctricaPasada;HIDROELECTRICA;;0.0
168;ISLA1;HidroeléctricaPasada;HIDROELECTRICA;;0.0
169;ISLA2;HidroeléctricaPasada;HIDROELECTRICA;;0.0
170;ITATA;HidroeléctricaPasada;HIDROELECTRICA;;0.0
171;LAJA I;HidroeléctricaPasada;HIDROELECTRICA;;0.0
172;LAMINA;HidroeléctricaPasada;HIDROELECTRICA;;0.0
173;LAS_LAJAS_1;HidroeléctricaPasada;HIDROELECTRICA;;0.0
174;LAS_LAJAS_2;HidroeléctricaPasada;HIDROELECTRICA;;0.0
175;LICAN;HidroeléctricaPasada;HIDROELECTRICA;;0.0
176;LIRCAY;HidroeléctricaPasada;HIDROELECTRICA;;0.0
177;LOMAALTA;HidroeléctricaPasada;Central;;0.0
178;LOS_HIERROS_II;HidroeléctricaPasada;HIDROELECTRICA;;0.0
179;LOS_HIERROS_U1;HidroeléctricaPasada;HIDROELECTRICA;;0.0
180;LOS_HIERROS_U2;HidroeléctricaPasada;HIDROELECTRICA;;0.0
181;LOS_MOLLES;HidroeléctricaPasada;HIDROELECTRICA;;0.0
182;LOS_QUILOS_U1;HidroeléctricaPasada;HIDROELECTRICA;;0.0
183;LOS_QUILOS_U2;HidroeléctricaPasada;HIDROELECTRICA;;0.0
184;LOS_QUILOS_U3;HidroeléctricaPasada;HIDROELECTRICA;;0.0
185;MAITENES;HidroeléctricaPasada;HIDROELECTRICA;;0.0
186;MALALCAHUELLO_U1;HidroeléctricaPasada;HIDROELECTRICA;;0.0
187;MALALCAHUELLO_U2;HidroeléctricaPasada;HIDROELECTRICA;;0.0
188;MAMPIL;HidroeléctricaPasada;HIDROELECTRICA;;0.0
189;OJOS_DE_AGUA;HidroeléctricaPasada;HIDROELECTRICA;;0.0
190;PALMUCHO;HidroeléctricaPasada;HIDROELECTRICA;;0.0
191;PEUCHEN;HidroeléctricaPasada;HIDROELECTRICA;;0.0
192;PILMAIQUEN_U1;HidroeléctricaPasada;HIDROELECTRICA;;0.0
193;PILMAIQUEN_U2;HidroeléctricaPasada;HIDROELECTRICA;;0.0
194;PILMAIQUEN_U3;HidroeléctricaPasada;HIDROELECTRICA;;0.0
195;PILMAIQUEN_U4;HidroeléctricaPasada;HIDROELECTRICA;;0.0
196;PILMAIQUEN_U5;HidroeléctricaPasada;HIDROELECTRICA;;0.0
197;PULLINQUE_U1;HidroeléctricaPasada;HIDROELECTRICA;;0.0
198;PULLINQUE_U2;HidroeléctricaPasada;HIDROELECTRICA;;0.0
199;PULLINQUE_U3;HidroeléctricaPasada;HIDROELECTRICA;;0.0
200;QUELTEHUES;HidroeléctricaPasada;HIDROELECTRICA;;0.0
201;QUILLECO1;HidroeléctricaPasada;HIDROELECTRICA;;0.0
202;QUILLECO2;HidroeléctricaPasada;HIDROELECTRICA;;0.0
203;RIOCOLORADO;HidroeléctricaPasada;HIDROELECTRICA;;0.0
204;RUCATAYO;HidroeléctricaPasada;HIDROELECTRICA;;0.0
205;RUCUE1;HidroeléctricaPasada;HIDROELECTRICA;;0.0
206;RUCUE2;HidroeléctricaPasada;HIDROELECTRICA;;0.0
207;S.IGNACIO;HidroeléctricaPasada;HIDROELECTRICA;;0.0
208;SAN_CLEMENTE;HidroeléctricaPasada;HIDROELECTRICA;;0.0
209;SAUZAL_MINEROS;HidroeléctricaPasada;HIDROELECTRICA;;0.0
210;SAUZAL1_SLTO1;HidroeléctricaPasada;HIDROELECTRICA;;0.0
211;SAUZAL2;HidroeléctricaPasada;HIDROELECTRICA;;0.0
212;SAUZALITO;HidroeléctricaPasada;HIDROELECTRICA;;0.0
213;VOLCAN;HidroeléctricaPasada;HIDROELECTRICA;;0.0
214;LA_FLOR;Eolico;EOLICA;;0.0
215;MALLECO_AB;Eolico;EOLICA;;0.0
216;MALLECO_SYS;Eolico;EOLICA;;0.0
217;OLMOS;Eolico;EOLICA;;0.0
218;PUELCHE_SUR;Eolico;EOLICA;;0.0
219;SAN_GABRIEL;Eolico;EOLICA;;0.0
220;TOLPAN;Eolico;EOLICA;;0.0
221;QBLANCA;0;Central;;0.0
222;ANGAMOS1;Termica;TERMOELECTRICA;;0.0
223;ANGAMOS2;Termica;TERMOELECTRICA;;0.0
224;ANTILHUE;Termica;TERMOELECTRICA;;0.0
225;BOCAMINA;Termica;Central;;0.0
226;BOCAMINA_II;Termica;Central;;0.0
227;CALLE CALLE;Termica;TERMOELECTRICA;;0.0
228;CAMPICHE;Termica;TERMOELECTRICA;;0.0
229;CANDELARIA_1DIE;Termica;TERMOELECTRICA;;0.0
230;CANDELARIA_1GNL;Termica;TERMOELECTRICA;;0.0
231;CANDELARIA_2DIE;Termica;TERMOELECTRICA;;0.0
232;CANDELARIA_2GNL;Termica;TERMOELECTRICA;;0.0
233;CARDONES;Termica;TERMOELECTRICA;;0.0
234;CBB;Termica;Central;;0.0
235;CDIESEL13;Termica;TERMOELECTRICA;;0.0
236;CDIESEL66;Termica;TERMOELECTRICA;;0.0
237;CELCO;BioMasa;TERMOELECTRICA;;0.0
238;CENIZAS;Termica;TERMOELECTRICA;;0.0
239;CENTRAL_ACONCAGUATG;BioMasa;TERMOELECTRICA;;0.0
240;CHAGUAL(ex Condores);Termica;TERMOELECTRICA;;0.0
241;CHUYACA;Termica;TERMOELECTRICA;;0.0
242;CMPC PACIFICO;BioMasa;TERMOELECTRICA;;0.0
243;COCHRANE1;Termica;TERMOELECTRICA;;0.0
244;COCHRANE2;Termica;TERMOELECTRICA;;0.0
245;COLIHUES;Termica;Central;;0.0
246;COLMITO;Termica;TERMOELECTRICA;;0.0
247;COMBARBALA;Termica;TERMOELECTRICA;;0.0
248;CONSTITUCION_1;Termica;TERMOELECTRICA;;0.0
249;CONSTITUCION_2;Termica;TERMOELECTRICA;;0.0
250;CORONEL;Termica;TERMOELECTRICA;;0.0
251;CTA;Termica;Central;;0.0
252;CTH;Termica;Central;;0.0
253;CTM1;Termica;Central;;0.0
254;CTM2;Termica;Central;;0.0
255;CTM3TG_TEN;Termica;Central;;0.0
256;CTM3TV_TEN;Termica;Central;;0.0
257;CTTAR;Termica;Central;;0.0
258;DEGAN;Termica;TERMOELECTRICA;;0.0
259;DEGAN_2;Termica;TERMOELECTRICA;;0.0
260;EMELDA_1;Termica;TERMOELECTRICA;;0.0
261;EMELDA_2;Termica;TERMOELECTRICA;;0.0
262;ESPERANZA_1;Termica;TERMOELECTRICA;;0.0
263;ESPERANZA_2;Termica;TERMOELECTRICA;;0.0
264;ESPERANZA_3;Termica;TERMOELECTRICA;;0.0
265;ESPINOS;Termica;TERMOELECTRICA;;0.0
266;GUACOLDA;Termica;TERMOELECTRICA;;0.0
267;HORCONES;Termica;TERMOELECTRICA;;0.0
268;HUASCO;Termica;TERMOELECTRICA;;0.0
269;IEM;Termica;TERMOELECTRICA;;0.0
270;INACAL;Termica;Central;;0.0
271;KELAR1;Termica;TERMOELECTRICA;;0.0
272;KELAR2;Termica;TERMOELECTRICA;;0.0
273;LINARES;Termica;TERMOELECTRICA;;0.0
274;LLANOS BLANCOS;Termica;TERMOELECTRICA;;0.0
275;LOS PINOS;Termica;TERMOELECTRICA;;0.0
276;LOS_GUINDOS;Termica;TERMOELECTRICA;;0.0
277;LOS_GUINDOS_U2;Termica;TERMOELECTRICA;;0.0
278;LOS_VIENTOS;Termica;TERMOELECTRICA;;0.0
279;LOS_VIENTOS_NAVIA;Termica;TERMOELECTRICA;;0.0
280;MIMB;Termica;TERMOELECTRICA;;0.0
281;NEHUENCO1_DIE;Termica;TERMOELECTRICA;;0.0
282;NEHUENCO1_GNL;Termica;TERMOELECTRICA;;0.0
283;NEHUENCO1_GNL_CA;Termica;TERMOELECTRICA;;0.0
284;NEHUENCO2_DIE;Termica;TERMOELECTRICA;;0.0
285;NEHUENCO2_GNL;Termica;TERMOELECTRICA;;0.0
286;NEHUENCO2_GNL_CA;Termica;TERMOELECTRICA;;0.0
287;NEHUENCO9BB;Termica;TERMOELECTRICA;;0.0
288;NEHUENCO9BB_GNL;Termica;TERMOELECTRICA;;0.0
289;NEWEN_DIE;Termica;TERMOELECTRICA;;0.0
290;NEWEN_GNA;Termica;TERMOELECTRICA;;0.0
291;NEWEN_GNL;Termica;TERMOELECTRICA;;0.0
292;NEWEN_PRO;Termica;TERMOELECTRICA;;0.0
293;NORGENER;Termica;Central;;0.0
294;NUEVA_ALDEA2;Termica;TERMOELECTRICA;;0.0
295;NUEVA_RENCA;Termica;TERMOELECTRICA;;0.0
296;NUEVA_VENTANAS;Termica;TERMOELECTRICA;;0.0
297;OLIVOS;Termica;TERMOELECTRICA;;0.0
298;PACIFICO;Termica;TERMOELECTRICA;;0.0
299;PAJONALES;Termica;TERMOELECTRICA;;0.0
300;PAM;Biomasa;Central;;0.0
301;PANELES;BioMasa;TERMOELECTRICA;;0.0
302;PEÑON;Termica;TERMOELECTRICA;;0.0
303;PETROPOWER;Termica;TERMOELECTRICA;;0.0
304;PUNTILLA;Termica;HIDROELECTRICA;;0.0
305;QUINTERO;Termica;TERMOELECTRICA;;0.0
306;RENCA;Termica;TERMOELECTRICA;;0.0
307;S.GREGORIO;Termica;TERMOELECTRICA;;0.0
308;SALTA;Termica;TERMOELECTRICA;;0.0
309;SALVADOR;Termica;TERMOELECTRICA;;0.0
310;SAN_LORENZO;Termica;TERMOELECTRICA;;0.0
311;SANISIDRO_1;Termica;Central;;0.0
312;SANISIDRO_2;Termica;Central;;0.0
313;SANTA MARIA;Termica;TERMOELECTRICA;;0.0
314;SLIDIA;Termica;Central;;0.0
315;TALTAL_1;Termica;TERMOELECTRICA;;0.0
316;TALTAL_2;Termica;TERMOELECTRICA;;0.0
317;TENO;Termica;TERMOELECTRICA;;0.0
318;TENO_GAS;Termica;TERMOELECTRICA;;0.0
319;TG1A;Termica;Central;;0.0
320;TG1B;Termica;Central;;0.0
321;TG2A;Termica;Central;;0.0
322;TG2B;Termica;Central;;0.0
323;TGTAR;Termica;Central;;0.0
324;TOCOPILLA_TG1;Termica;TERMOELECTRICA;;0.0
325;TOCOPILLA_TG2;Termica;TERMOELECTRICA;;0.0
326;TOCOPILLA_TG3;Termica;TERMOELECTRICA;;0.0
327;TOCOPILLA_U16;Termica;TERMOELECTRICA;;0.0
328;TRAPEN;Termica;TERMOELECTRICA;;0.0
329;TRINCAO;Termica;TERMOELECTRICA;;0.0
330;TV1C;Termica;Central;;0.0
331;TV2C;Termica;Central;;0.0
332;UJINA;Termica;TERMOELECTRICA;;0.0
333;VALDIVIA;Biomasa;TERMOELECTRICA;;0.0
334;VENTANAS_1A;Termica;TERMOELECTRICA;;0.0
335;VENTANAS_1B;Termica;TERMOELECTRICA;;0.0
336;VENTANAS_2A;Termica;TERMOELECTRICA;;0.0
337;VENTANAS_2B;Termica;TERMOELECTRICA;;0.0
338;VENTANAS_T4;Termica;TERMOELECTRICA;;0.0
339;VENTANAS_TP;Termica;TERMOELECTRICA;;0.0
340;YUNGAY;Termica;TERMOELECTRICA;;0.0
341;HUATACONDO;Fotovoltaico;SOLAR;;0.0
342;PAMPA_CAMARONES;Fotovoltaico;SOLAR;;0.0
343;CMPC_SANTA_FE;Biomasa;TERMOELECTRICA;;0.0
344;LEBU_CRISTORO;Eolico;EOLICA;;0.0
345;MAITEN;Eolico;EOLICA;;0.0
346;UCUQUER_2;Eolico;EOLICA;;0.0
347;ANTAY;Fotovoltaico;SOLAR;;0.0
348;CASTILLA;Fotovoltaico;SOLAR;;0.0
349;DELDESIERTO;Fotovoltaico;SOLAR;;0.0
350;EL_PILAR;Fotovoltaico;PMG;;0.0
351;LA_SILLA;Fotovoltaico;SOLAR;;0.0
352;LOS_ANDES;Fotovoltaico;SOLAR;;0.0
353;PILOTO_SOLAR_CARDONES;Fotovoltaico;PMG;;0.0
354;PSS;Fotovoltaico;SOLAR;;0.0
355;SDN;Fotovoltaico;SOLAR;;0.0
356;SOLAIRE_DIRECT_1;Fotovoltaico;PMG;;0.0
357;TENO_SOLAR;Fotovoltaico;PMG;;0.0
358;AILLIN;HidroeléctricaPasada;HIDROELECTRICA;;0.0
359;CALLAO;HidroeléctricaPasada;HIDROELECTRICA;;0.0
360;CORRALES;HidroeléctricaPasada;HIDROELECTRICA;;0.0
361;CORRENTOSO;HidroeléctricaPasada;HIDROELECTRICA;;0.0
362;CUMBRES;HidroeléctricaPasada;HIDROELECTRICA;;0.0
363;DOS_VALLES;HidroeléctricaPasada;HIDROELECTRICA;;0.0
364;EL_MOCHO;HidroeléctricaPasada;HIDROELECTRICA;;0.0
365;EL_PINAR;HidroeléctricaPasada;HIDROELECTRICA;;0.0
366;LLEUQUEREO;HidroeléctricaPasada;HIDROELECTRICA;;0.0
367;NALCAS;HidroeléctricaPasada;HIDROELECTRICA;;0.0
368;PALACIOS;HidroeléctricaPasada;HIDROELECTRICA;;0.0
369;PALMAR;HidroeléctricaPasada;HIDROELECTRICA;;0.0
370;PIEDRAS_NEGRAS;HidroeléctricaPasada;HIDROELECTRICA;;0.0
371;PROVIDENCIA;HidroeléctricaPasada;HIDROELECTRICA;;0.0
372;PTA_VIENTOS;HidroeléctricaPasada;PMG;;0.0
373;PULELFU;HidroeléctricaPasada;HIDROELECTRICA;;0.0
374;RINCON;HidroeléctricaPasada;HIDROELECTRICA;;0.0
375;RIO_HUASCO;HidroeléctricaPasada;PMG;;0.0
376;RIO_PICOIQUEN;HidroeléctricaPasada;HIDROELECTRICA;;0.0
377;ABLANCAS;Termica;TERMOELECTRICA;;0.0
378;CHILOE;Termica;TERMOELECTRICA;;0.0
379;CONCON;Termica;TERMOELECTRICA;;0.0
380;LAS_VEGAS;Termica;TERMOELECTRICA;;0.0
381;QUINTAY;Termica;PMG;;0.0
382;SJAVIER_I;Termica;TERMOELECTRICA;;0.0
383;SJAVIER_II;Termica;TERMOELECTRICA;;0.0
384;LA_ESPERANZA;Eolico;PMG;;0.0
385;MARIPOSAS;HidroeléctricaPasada;HIDROELECTRICA;;0.0
386;LAPORTADA;Termica;TERMOELECTRICA;;0.0
387;PLACILLA;Termica;TERMOELECTRICA;;0.0
388;CAMPESINO_I;BioGas;TERMOELECTRICA;;0.0
389;ANCALI;Biogas;TERMOELECTRICA;;0.0
390;CLCOLORADAS;Biomasa;PMGD;;0.0
391;COELEMU;Biomasa;TERMOELECTRICA;;0.0
392;EL_MOLLE;Biogas;TERMOELECTRICA;;0.0
393;HBS;Biomasa;TERMOELECTRICA;;0.0
394;LAS PAMPAS;Biogas;PMGD;;0.0
395;SANTA_IRENE;Biogas;TERMOELECTRICA;;0.0
396;TAMM;Biomasa;TERMOELECTRICA;;0.0
397;ARREBOL;Eolico;EOLICA;;0.0
398;HUAJACHE;Eolico;EOLICA;;0.0
399;LAS_PENAS;Eolico;EOLICA;;0.0
400;LEBU_III_CRISTORO;Eolico;EOLICA;;0.0
401;RAKI;Eolico;EOLICA;;0.0
402;UCUQUER;Eolico;EOLICA;;0.0
403;ALBOR_SOLAR;Fotovoltaico;SOLAR;;0.0
404;ALCALDESA;Fotovoltaico;SOLAR;;0.0
405;ALCON_SOLAR;Fotovoltaico;SOLAR;;0.0
406;ALHUE;Fotovoltaico;SOLAR;;0.0
407;ALICAHUE;Fotovoltaico;SOLAR;;0.0
408;ALTURAS_OVALLE;Fotovoltaico;SOLAR;;0.0
409;AMPARO_DEL_SOL;Fotovoltaico;SOLAR;;0.0
410;ANAKENA;Fotovoltaico;SOLAR;;0.0
411;ANTONIA_SOLAR;Fotovoltaico;SOLAR;;0.0
412;ARGOMEDO;Fotovoltaico;SOLAR;;0.0
413;ARIZTIA;Fotovoltaico;SOLAR;;0.0
414;ARMAZONES;Fotovoltaico;SOLAR;;0.0
415;AROMO_DE_VERANO;Fotovoltaico;SOLAR;;0.0
416;ASTILLAS;Fotovoltaico;SOLAR;;0.0
417;AVEL_SOLAR;Fotovoltaico;SOLAR;;0.0
418;AVILES;Fotovoltaico;SOLAR;;0.0
419;BELLAVISTA;Fotovoltaico;SOLAR;;0.0
420;BELLAVISTA1;Fotovoltaico;SOLAR;;0.0
421;BERGAMO;Fotovoltaico;SOLAR;;0.0
422;BERLIOZ;Termica;TERMOELECTRICA;;0.0
423;BERRUECO;Fotovoltaico;SOLAR;;0.0
424;BICENTENARIO;Fotovoltaico;SOLAR;;0.0
425;BLANQUINA;Fotovoltaico;SOLAR;;0.0
426;BULNES_LOS_BARONES;Fotovoltaico;SOLAR;;0.0
427;CABILDO_SUNLIGHT;Fotovoltaico;SOLAR;;0.0
428;CABILSOL;Fotovoltaico;SOLAR;;0.0
429;CACHIYUYO_ALIM PABELLON;Fotovoltaico;PMGD;;0.0
430;CAIMI;Fotovoltaico;SOLAR;;0.0
431;CANELILLO;Fotovoltaico;SOLAR;;0.0
432;CANESA;Fotovoltaico;SOLAR;;0.0
433;CANTERA;Fotovoltaico;SOLAR;;0.0
434;CANTILLANA;Fotovoltaico;SOLAR;;0.0
435;CAÑONES_SUNLIGHT;Fotovoltaico;SOLAR;;0.0
436;CARACAS;Fotovoltaico;SOLAR;;0.0
437;CARACOLES;Fotovoltaico;SOLAR;;0.0
438;CAS1;Fotovoltaico;SOLAR;;0.0
439;CASA_BERMEJA;Fotovoltaico;SOLAR;;0.0
440;CASAS_BLANCAS;Fotovoltaico;PMGD;;0.0
441;CASUTO;Fotovoltaico;SOLAR;;0.0
442;CATAN;Fotovoltaico;SOLAR;;0.0
443;CATEMUSPA;Fotovoltaico;SOLAR;;0.0
444;CAUQUENES;Fotovoltaico;SOLAR;;0.0
445;CHACABUCO;Fotovoltaico;SOLAR;;0.0
446;CHALINGA_SOLAR;Fotovoltaico;SOLAR;;0.0
447;CHANCON;Fotovoltaico;SOLAR;;0.0
448;CHAPEANA;Fotovoltaico;SOLAR;;0.0
449;CHIMBARONGO;Fotovoltaico;SOLAR;;0.0
450;CHINCOL;Fotovoltaico;SOLAR;;0.0
451;CHUCHINI;Fotovoltaico;SOLAR;;0.0
452;CINTAC;Fotovoltaico;SOLAR;;0.0
453;CIPRES;Fotovoltaico;SOLAR;;0.0
454;CITRINO;Fotovoltaico;SOLAR;;0.0
455;CKILIR;Fotovoltaico;SOLAR;;0.0
456;CLARGA;Fotovoltaico;SOLAR;;0.0
457;COCHARCAS;Fotovoltaico;SOLAR;;0.0
458;COCINILLAS;Fotovoltaico;SOLAR;;0.0
459;COINCO;Fotovoltaico;SOLAR;;0.0
460;COLCHAGUA;Fotovoltaico;SOLAR;;0.0
461;CONDOR_CHEPICA;Fotovoltaico;SOLAR;;0.0
462;CONDOR_PELVIN;Fotovoltaico;SOLAR;;0.0
463;CONDOR_PETORCA;Fotovoltaico;SOLAR;;0.0
464;CORDILLERILLA;Fotovoltaico;SOLAR;;0.0
465;CORTIJO;Fotovoltaico;SOLAR;;0.0
466;COVADONGA;Fotovoltaico;SOLAR;;0.0
467;CRUCERO;Fotovoltaico;SOLAR;;0.0
468;CRUZ_SOLAR;Fotovoltaico;SOLAR;;0.0
469;CURACAVI;Fotovoltaico;SOLAR;;0.0
470;CURICURA;Fotovoltaico;SOLAR;;0.0
471;CUZCUZ;Fotovoltaico;SOLAR;;0.0
472;DADINCO;Fotovoltaico;SOLAR;;0.0
473;DALMAGROSOLAR;Fotovoltaico;PMGD;;0.0
474;DARLIN_SOLAR;Fotovoltaico;SOLAR;;0.0
475;DIVISADERO;Fotovoltaico;SOLAR;;0.0
476;DON_ANDRONICO;Fotovoltaico;SOLAR;;0.0
477;DON_ENRIQUE;Fotovoltaico;SOLAR;;0.0
478;DON_EUGENIO;Fotovoltaico;SOLAR;;0.0
479;DON_JORGE;Fotovoltaico;SOLAR;;0.0
480;DON_MARIANO;Fotovoltaico;SOLAR;;0.0
481;DON_MARTIN;Fotovoltaico;SOLAR;;0.0
482;DON_RODRIGO;Fotovoltaico;SOLAR;;0.0
483;DONIHUE;Fotovoltaico;SOLAR;;0.0
484;DUQUECO_SOLAR;Fotovoltaico;SOLAR;;0.0
485;EATT;Fotovoltaico;PMGD;;0.0
486;ECLIPSE_SOLAR;Fotovoltaico;SOLAR;;0.0
487;EL_BOCO;Fotovoltaico;SOLAR;;0.0
488;EL_CASTANO;Fotovoltaico;SOLAR;;0.0
489;EL_CERNICALO_I;Fotovoltaico;SOLAR;;0.0
490;EL_CERNICALO_II;Fotovoltaico;SOLAR;;0.0
491;EL_CHUCAO;Fotovoltaico;SOLAR;;0.0
492;EL_CONDOR;Fotovoltaico;SOLAR;;0.0
493;EL_HUASO;Fotovoltaico;SOLAR;;0.0
494;EL_INGENIO;Fotovoltaico;SOLAR;;0.0
495;EL_MONTE;Fotovoltaico;SOLAR;;0.0
496;EL_PAICO;Fotovoltaico;SOLAR;;0.0
497;EL_PASO;Fotovoltaico;PMGD;;0.0
498;EL_PIUQUEN;Fotovoltaico;SOLAR;;0.0
499;EL_QUELTEHUE;Fotovoltaico;SOLAR;;0.0
500;EL_QUEMADO;Fotovoltaico;SOLAR;;0.0
501;EL_QUEULE;Fotovoltaico;SOLAR;;0.0
502;EL_RESPLANDOR;Fotovoltaico;SOLAR;;0.0
503;EL_ROBLE;Fotovoltaico;SOLAR;;0.0
504;EL_SALITRAL;Fotovoltaico;SOLAR;;0.0
505;EL_SAUCE;Fotovoltaico;SOLAR;;0.0
506;EL_SAUCE_(GUADALUPE);Fotovoltaico;SOLAR;;0.0
507;EL_SHARON;Fotovoltaico;SOLAR;;0.0
508;EL_TIUQUE;Fotovoltaico;SOLAR;;0.0
509;ELPITIO;Fotovoltaico;SOLAR;;0.0
510;ELRANGUIL;Fotovoltaico;SOLAR;;0.0
511;EMILIO_SOLAR;Fotovoltaico;SOLAR;;0.0
512;ENCINO;Fotovoltaico;SOLAR;;0.0
513;ENCON;Fotovoltaico;SOLAR;;0.0
514;ERINOME;Fotovoltaico;SOLAR;;0.0
515;ESCORIAL;Fotovoltaico;SOLAR;;0.0
516;ESFENA;Fotovoltaico;SOLAR;;0.0
517;FARAMALLA;Fotovoltaico;SOLAR;;0.0
518;FARDELA;Fotovoltaico;SOLAR;;0.0
519;FILOMENA_SOLAR;Fotovoltaico;SOLAR;;0.0
520;FLAMENCO;Fotovoltaico;SOLAR;;0.0
521;FRANCISCO;Fotovoltaico;SOLAR;;0.0
522;FULGOR;Fotovoltaico;SOLAR;;0.0
523;G_EL_ESTERO;Fotovoltaico;SOLAR;;0.0
524;G_PORTEZUELO;Fotovoltaico;SOLAR;;0.0
525;G_RINCONADA;Fotovoltaico;SOLAR;;0.0
526;GABARDO;Fotovoltaico;SOLAR;;0.0
527;GORRIONES;Fotovoltaico;SOLAR;;0.0
528;GRANADA;Fotovoltaico;SOLAR;;0.0
529;GRANATE;Fotovoltaico;SOLAR;;0.0
530;GUADALAO;Fotovoltaico;SOLAR;;0.0
531;GUANACO_SOLAR;Fotovoltaico;SOLAR;;0.0
532;GUARANA;Fotovoltaico;SOLAR;;0.0
533;HOMERO;Fotovoltaico;SOLAR;;0.0
534;HORIZONTE;Fotovoltaico;SOLAR;;0.0
535;HORMIGA;Fotovoltaico;SOLAR;;0.0
536;HUAPE;Fotovoltaico;SOLAR;;0.0
537;HUAQUELON;Fotovoltaico;SOLAR;;0.0
538;ICB;Fotovoltaico;SOLAR;;0.0
539;IDAHUE_DEL_VERANO;Fotovoltaico;SOLAR;;0.0
540;ILLAPEL;Fotovoltaico;SOLAR;;0.0
541;ILLAPEL_5X;Fotovoltaico;SOLAR;;0.0
542;ITAHUE_SOLAR;Fotovoltaico;SOLAR;;0.0
543;ITIHUE;Fotovoltaico;SOLAR;;0.0
544;JAHUEL;Fotovoltaico;SOLAR;;0.0
545;JAURURO;Fotovoltaico;SOLAR;;0.0
546;JAVIERA_CARRERA;Fotovoltaico;SOLAR;;0.0
547;KAUFMANN;Fotovoltaico;SOLAR;;0.0
548;KONDA;Fotovoltaico;SOLAR;;0.0
549;LA_CHIMBA;Fotovoltaico;SOLAR;;0.0
550;LA_COLONIA;Fotovoltaico;SOLAR;;0.0
551;LA_ESPERANZA_II;Fotovoltaico;PMGD;;0.0
552;LA_ESTANCIA;Fotovoltaico;SOLAR;;0.0
553;LA_FORESTA;Fotovoltaico;SOLAR;;0.0
554;LA_FRONTERA;Fotovoltaico;SOLAR;;0.0
555;LA_LIGUA;Fotovoltaico;SOLAR;;0.0
556;LA_MANGA_I;Fotovoltaico;SOLAR;;0.0
557;LA_PALMA;Fotovoltaico;SOLAR;;0.0
558;LA_SANTA_ROSA;Fotovoltaico;PMGD;;0.0
559;LA_VICTORIA;Fotovoltaico;SOLAR;;0.0
560;LAACACIA;Fotovoltaico;SOLAR;;0.0
561;LAGUNILLA;Fotovoltaico;SOLAR;;0.0
562;LALAJUELA;Fotovoltaico;SOLAR;;0.0
563;LAS TORCAZAS;Fotovoltaico;SOLAR;;0.0
564;LAS_ARAUCARIAS;Fotovoltaico;SOLAR;;0.0
565;LAS_CABRAS;Fotovoltaico;SOLAR;;0.0
566;LAS_CACHANAS;Fotovoltaico;SOLAR;;0.0
567;LAS_CATITAS;Fotovoltaico;SOLAR;;0.0
568;LAS_CHACRAS;Fotovoltaico;SOLAR;;0.0
569;LAS_CODORNICES;Fotovoltaico;SOLAR;;0.0
570;LAS_LECHUZAS;Fotovoltaico;SOLAR;;0.0
571;LAS_MAJADAS;Fotovoltaico;SOLAR;;0.0
572;LAS_MERCEDES_I;Fotovoltaico;SOLAR;;0.0
573;LAS_PALMAS;Fotovoltaico;SOLAR;;0.0
574;LAS_PERDICES;Fotovoltaico;SOLAR;;0.0
575;LAS_ROJAS;Fotovoltaico;SOLAR;;0.0
576;LAS_TENCAS;Fotovoltaico;SOLAR;;0.0
577;LAS_TERRAZAS;Fotovoltaico;SOLAR;;0.0
578;LAS_TORTOLAS;Fotovoltaico;SOLAR;;0.0
579;LAS_TORTOLAS_DEL_VERANO;Fotovoltaico;SOLAR;;0.0
580;LAS_TURCAS;Fotovoltaico;SOLAR;;0.0
581;LAURELITO;Fotovoltaico;PMGD;;0.0
582;LEMU;Fotovoltaico;SOLAR;;0.0
583;LIMA;Fotovoltaico;SOLAR;;0.0
584;LINARES_SOLAR;Fotovoltaico;SOLAR;;0.0
585;LINGUE;Fotovoltaico;SOLAR;;0.0
586;LIPANGUE;Fotovoltaico;SOLAR;;0.0
587;LIQUIDAMBAR;Fotovoltaico;SOLAR;;0.0
588;LIRIO_DE_CAMPO;Fotovoltaico;SOLAR;;0.0
589;LITORAL_SUNLIGHT;Fotovoltaico;SOLAR;;0.0
590;LITRE_SOLAR_II;Fotovoltaico;SOLAR;;0.0
591;LLANOS_POTROSO;Fotovoltaico;SOLAR;;0.0
592;LLAYLLAY;Fotovoltaico;SOLAR;;0.0
593;LLIU_LLIU;Fotovoltaico;SOLAR;;0.0
594;LO_BOZA;Fotovoltaico;SOLAR;;0.0
595;LO_CHACON;Fotovoltaico;SOLAR;;0.0
596;LO_SIERRA;Fotovoltaico;SOLAR;;0.0
597;LOCKMA;Fotovoltaico;SOLAR;;0.0
598;LOICA;Fotovoltaico;SOLAR;;0.0
599;LOMAS_COLORADAS;Fotovoltaico;SOLAR;;0.0
600;LORETO_SOLAR;Fotovoltaico;SOLAR;;0.0
601;LOS_GIRASOLES;Fotovoltaico;SOLAR;;0.0
602;LOS_JOTES;Fotovoltaico;SOLAR;;0.0
603;LOS_LAGOS;Fotovoltaico;SOLAR;;0.0
604;LOS_LIBERTADORES;Fotovoltaico;SOLAR;;0.0
605;LOS_LIRIOS;Fotovoltaico;SOLAR;;0.0
606;LOS_MAGNOLIOS_SOLAR;Fotovoltaico;SOLAR;;0.0
607;LOS_MOLINOS;Fotovoltaico;SOLAR;;0.0
608;LOS_PALTOS;Fotovoltaico;SOLAR;;0.0
609;LOS_PERALES;Fotovoltaico;SOLAR;;0.0
610;LOS_TAURETES;Fotovoltaico;SOLAR;;0.0
611;LOS_TILOS;Fotovoltaico;SOLAR;;0.0
612;LOS_TORDOS;Fotovoltaico;SOLAR;;0.0
613;LUCE_SOLAR;Fotovoltaico;SOLAR;;0.0
614;LUDERS;Fotovoltaico;SOLAR;;0.0
615;LUMBRERAS;Fotovoltaico;SOLAR;;0.0
616;LUNA;Fotovoltaico;SOLAR;;0.0
617;LUNA_DEL_NORTE;Fotovoltaico;SOLAR;;0.0
618;MALAQUITA_ALIM HORNITOS;Fotovoltaico;PMGD;;0.0
619;MALINKE;Fotovoltaico;SOLAR;;0.0
620;MANAO;Fotovoltaico;SOLAR;;0.0
621;MANGA_SOLAR;Fotovoltaico;SOLAR;;0.0
622;MARAMBIO;Fotovoltaico;SOLAR;;0.0
623;MARCHIGUE_II;Fotovoltaico;SOLAR;;0.0
624;MARCHIHUE_VII;Fotovoltaico;SOLAR;;0.0
625;MARIA_PINTO;Fotovoltaico;SOLAR;;0.0
626;MARIN;Fotovoltaico;SOLAR;;0.0
627;MECO;Fotovoltaico;SOLAR;;0.0
628;MELI;Fotovoltaico;SOLAR;;0.0
629;MEMBRILLO;Fotovoltaico;SOLAR;;0.0
630;MERCURIO_SUR;Fotovoltaico;SOLAR;;0.0
631;MILAN_A;Fotovoltaico;SOLAR;;0.0
632;MITCHI;Fotovoltaico;SOLAR;;0.0
633;MOLLACAS;Fotovoltaico;SOLAR;;0.0
634;MONTT_SOLAR;Fotovoltaico;SOLAR;;0.0
635;MOSTAZAL;Fotovoltaico;SOLAR;;0.0
636;MOYA;Fotovoltaico;SOLAR;;0.0
637;MURALLA;Fotovoltaico;SOLAR;;0.0
638;MUTUPIN;Fotovoltaico;SOLAR;;0.0
639;NAHUEN;Fotovoltaico;SOLAR;;0.0
640;NAN;Fotovoltaico;SOLAR;;0.0
641;NANCAGUA;Fotovoltaico;SOLAR;;0.0
642;NAZARINO_DE_VERANO_SOLAR;Fotovoltaico;SOLAR;;0.0
643;NEWENTUN;Fotovoltaico;SOLAR;;0.0
644;NIHUE;Fotovoltaico;SOLAR;;0.0
645;NILHUE;Fotovoltaico;SOLAR;;0.0
646;NILO_GABRIELA;Fotovoltaico;SOLAR;;0.0
647;NIQUEN;Fotovoltaico;SOLAR;;0.0
648;NORTE_CHICO_I;Fotovoltaico;SOLAR;;0.0
649;OCOA;Fotovoltaico;SOLAR;;0.0
650;OLIVAR;Fotovoltaico;SOLAR;;0.0
651;OLIVILLO;Fotovoltaico;SOLAR;;0.0
652;ORION;Fotovoltaico;SOLAR;;0.0
653;OVALLE_NORTE;Fotovoltaico;SOLAR;;0.0
654;OVEJERIA;Fotovoltaico;SOLAR;;0.0
655;PACHIRA;Fotovoltaico;SOLAR;;0.0
656;PAINE;Fotovoltaico;SOLAR;;0.0
657;PALMONTE1;Fotovoltaico;SOLAR;;0.0
658;PALOMAS;Fotovoltaico;SOLAR;;0.0
659;PALTO_SUNLIGHT;Fotovoltaico;SOLAR;;0.0
660;PANGUI_AEROPUERTO;Fotovoltaico;SOLAR;;0.0
661;PANQUEHUE_II;Fotovoltaico;SOLAR;;0.0
662;PARAGUAY;Fotovoltaico;SOLAR;;0.0
663;PARANAL;Fotovoltaico;SOLAR;;0.0
664;PARQUE_VALPARAISO;Fotovoltaico;SOLAR;;0.0
665;PASTRAN;Fotovoltaico;SOLAR;;0.0
666;PATOS;Fotovoltaico;SOLAR;;0.0
667;PEDREROS;Fotovoltaico;SOLAR;;0.0
668;PEGASUS;Fotovoltaico;SOLAR;;0.0
669;PENALOLEN;Fotovoltaico;SOLAR;;0.0
670;PENCAHUE_ESTE;Fotovoltaico;SOLAR;;0.0
671;PEPA_SOLAR;Fotovoltaico;SOLAR;;0.0
672;PEQUEN;Fotovoltaico;SOLAR;;0.0
673;PERALILLO;Fotovoltaico;SOLAR;;0.0
674;PEUMO;Fotovoltaico;SOLAR;;0.0
675;PICA;Fotovoltaico;SOLAR;;0.0
676;PICUNCHE;Fotovoltaico;SOLAR;;0.0
677;PICURIO;Fotovoltaico;SOLAR;;0.0
678;PIDUCO;Fotovoltaico;SOLAR;;0.0
679;PILPEN;Fotovoltaico;SOLAR;;0.0
680;PILPILEN;Fotovoltaico;SOLAR;;0.0
681;PIQUERO;Fotovoltaico;SOLAR;;0.0
682;PIRQUE;Fotovoltaico;SOLAR;;0.0
683;PITAO;Fotovoltaico;SOLAR;;0.0
684;PITRA;Fotovoltaico;SOLAR;;0.0
685;PLACILLA_SOLAR;Fotovoltaico;PMGD;;0.0
686;PLAYERITO;Fotovoltaico;SOLAR;;0.0
687;PLAYERO;Fotovoltaico;SOLAR;;0.0
688;PLAYERON;Fotovoltaico;SOLAR;;0.0
689;PLAZUELA;Fotovoltaico;SOLAR;;0.0
690;PLOMO_DE_VERANO;Fotovoltaico;SOLAR;;0.0
691;POBLACION;Fotovoltaico;SOLAR;;0.0
692;PRETTY_FIELD;Fotovoltaico;SOLAR;;0.0
693;PUANGUE;Fotovoltaico;SOLAR;;0.0
694;PUELCHE;Fotovoltaico;PMGD;;0.0
695;PUENTE;Fotovoltaico;SOLAR;;0.0
696;PULLALLI;Fotovoltaico;SOLAR;;0.0
697;PUNTA_BAJA;Fotovoltaico;SOLAR;;0.0
698;PUQUIOS;Fotovoltaico;SOLAR;;0.0
699;PV_PITOTOY;Fotovoltaico;SOLAR;;0.0
700;PV_QUELTEHE;Fotovoltaico;SOLAR;;0.0
701;QUETENA;Fotovoltaico;SOLAR;;0.0
702;QUILLAY;Fotovoltaico;SOLAR;;0.0
703;QUINANTU;Fotovoltaico;SOLAR;;0.0
704;QUINTA_SOLAR;Fotovoltaico;SOLAR;;0.0
705;RAULI;Fotovoltaico;SOLAR;;0.0
706;RAUQUEN;Fotovoltaico;SOLAR;;0.0
707;RDCL_SAN;Fotovoltaico;SOLAR;;0.0
708;RECOLETA;Fotovoltaico;SOLAR;;0.0
709;REXNER_SOLAR;Fotovoltaico;SOLAR;;0.0
710;RINCONADA;Fotovoltaico;SOLAR;;0.0
711;RINCONADA_ALCONES;Fotovoltaico;SOLAR;;0.0
712;RIO_PEUCO;Fotovoltaico;SOLAR;;0.0
713;RLA_SOLAR;Fotovoltaico;SOLAR;;0.0
714;RODEO;Fotovoltaico;SOLAR;;0.0
715;ROMERAL;Fotovoltaico;SOLAR;;0.0
716;ROMERIA;Fotovoltaico;SOLAR;;0.0
717;ROVIAN;Fotovoltaico;SOLAR;;0.0
718;SALERNO_SOLAR;Fotovoltaico;SOLAR;;0.0
719;SAN_ANTONIO;Fotovoltaico;SOLAR;;0.0
720;SAN_CAMILO;Fotovoltaico;SOLAR;;0.0
721;SAN_CARLOS;Fotovoltaico;SOLAR;;0.0
722;SAN_FRANCISCO;Fotovoltaico;SOLAR;;0.0
723;SAN_ISIDRO;Fotovoltaico;PMGD;;0.0
724;SAN_JOSE_II;Fotovoltaico;SOLAR;;0.0
725;SAN_PEDRO_GR;Fotovoltaico;PMGD;;0.0
726;SAN_RAMIRO;Fotovoltaico;SOLAR;;0.0
727;SANTA_ADRIANA;Fotovoltaico;SOLAR;;0.0
728;SANTA_AMELIA;Fotovoltaico;SOLAR;;0.0
729;SANTA_CECILIA;Fotovoltaico;SOLAR;;0.0
730;SANTA_CLARA;Fotovoltaico;SOLAR;;0.0
731;SANTA_CRUZ;Fotovoltaico;SOLAR;;0.0
732;SANTA_ELIZABETH;Fotovoltaico;SOLAR;;0.0
733;SANTA_EMILIA;Fotovoltaico;SOLAR;;0.0
734;SANTA_ESTER;Fotovoltaico;SOLAR;;0.0
735;SANTA_FRANCISCA;Fotovoltaico;SOLAR;;0.0
736;SANTA_INES_SOLAR;Fotovoltaico;SOLAR;;0.0
737;SANTA_LAURA;Fotovoltaico;SOLAR;;0.0
738;SANTA_LUISA;Fotovoltaico;SOLAR;;0.0
739;SANTA_MARGARITA;Fotovoltaico;SOLAR;;0.0
740;SANTA_RITA;Fotovoltaico;SOLAR;;0.0
741;SANTALAURA;Fotovoltaico;SOLAR;;0.0
742;SANTUARIO_SOLAR;Fotovoltaico;SOLAR;;0.0
743;SATURNO;Fotovoltaico;SOLAR;;0.0
744;SLK_CB9;Fotovoltaico;SOLAR;;0.0
745;SOL_DE_SEPTIEMBRE;Fotovoltaico;SOLAR;;0.0
746;SOL_DEL_NORTE;Fotovoltaico;SOLAR;;0.0
747;SOLAR_TORINO;Fotovoltaico;SOLAR;;0.0
748;SOLSTAINES;Fotovoltaico;SOLAR;;0.0
749;STA_CAROLINA;Fotovoltaico;SOLAR;;0.0
750;STAJULIA;Fotovoltaico;SOLAR;;0.0
751;SUNHUNTER;Fotovoltaico;SOLAR;;0.0
752;TABOLANGO;Fotovoltaico;SOLAR;;0.0
753;TALCA;Fotovoltaico;SOLAR;;0.0
754;TALHUEN;Fotovoltaico;SOLAR;;0.0
755;TAMARUGO;Fotovoltaico;SOLAR;;0.0
756;TAMBO_REAL;Fotovoltaico;SOLAR;;0.0
757;TARANTO;Fotovoltaico;SOLAR;;0.0
758;TECHOS_DE_ALTAMIRA;Fotovoltaico;SOLAR;;0.0
759;TIERRA;Fotovoltaico;SOLAR;;0.0
760;TILTIL;Fotovoltaico;SOLAR;;0.0
761;TREBAL_SOLAR;Fotovoltaico;SOLAR;;0.0
762;TREBO;Fotovoltaico;SOLAR;;0.0
763;TRICA_DOS;Fotovoltaico;PMGD;;0.0
764;TRICAHUE2;Fotovoltaico;SOLAR;;0.0
765;TRINIDAD;Fotovoltaico;SOLAR;;0.0
766;TUCUQUERE;Fotovoltaico;SOLAR;;0.0
767;UTFSM_VALPARAISO;Fotovoltaico;SOLAR;;0.0
768;UTFSM_VINADELMAR;Fotovoltaico;SOLAR;;0.0
769;UTFSM_VITACURA;Fotovoltaico;PMGD;;0.0
770;VALLE_LUNA_2;Fotovoltaico;SOLAR;;0.0
771;VALLE_SOLAR_ESTE_2;Fotovoltaico;SOLAR;;0.0
772;VALLE_SOLAR_OESTE_2;Fotovoltaico;SOLAR;;0.0
773;VENTISQUERO;Fotovoltaico;SOLAR;;0.0
774;VENTURADA;Fotovoltaico;SOLAR;;0.0
775;VICENTE;Fotovoltaico;SOLAR;;0.0
776;VICTORIA;Fotovoltaico;SOLAR;;0.0
777;VILLA_ALEGRE;Fotovoltaico;SOLAR;;0.0
778;VILLA_CRUZ;Fotovoltaico;SOLAR;;0.0
779;VILLA_MOSCOSO;Fotovoltaico;SOLAR;;0.0
780;VILLAPRAT;Fotovoltaico;PMGD;;0.0
781;VILLASECA;Fotovoltaico;SOLAR;;0.0
782;VILLASOLAR;Fotovoltaico;SOLAR;;0.0
783;VITUCO;Fotovoltaico;SOLAR;;0.0
784;ZORZAL;Fotovoltaico;SOLAR;;0.0
785;ALLIPEN;HidroeléctricaPasada;HIDROELECTRICA;;0.0
786;ARRAYAN II;HidroeléctricaPasada;HIDROELECTRICA;;0.0
787;ATAJO;HidroeléctricaPasada;HIDROELECTRICA;;0.0
788;BOQUIAMARGO;HidroeléctricaPasada;HIDROELECTRICA;;0.0
789;BUREO;HidroeléctricaPasada;HIDROELECTRICA;;0.0
790;CAEMSA;HidroeléctricaPasada;PMGD;;0.0
791;CALIBORO;HidroeléctricaPasada;HIDROELECTRICA;;0.0
792;CHANLEUFU;HidroeléctricaPasada;HIDROELECTRICA;;0.0
793;CHELMANZANO;HidroeléctricaPasada;PMGD;;0.0
794;CHILCO;HidroeléctricaPasada;HIDROELECTRICA;;0.0
795;COLLIL;HidroeléctricaPasada;HIDROELECTRICA;;0.0
796;COLORADO;HidroeléctricaPasada;HIDROELECTRICA;;0.0
797;CONTRA;HidroeléctricaPasada;HIDROELECTRICA;;0.0
798;CORRALES II;HidroeléctricaPasada;HIDROELECTRICA;;0.0
799;CORRALES SE II;HidroeléctricaPasada;HIDROELECTRICA;;0.0
800;COSAPILLA;HidroeléctricaPasada;HIDROELECTRICA;;0.0
801;CUMPEO;HidroeléctricaPasada;HIDROELECTRICA;;0.0
802;CURILEUFU;HidroeléctricaPasada;HIDROELECTRICA;;0.0
803;CURILEUFU_II;HidroeléctricaPasada;HIDROELECTRICA;;0.0
804;DIUTO;HidroeléctricaPasada;HIDROELECTRICA;;0.0
805;DON WALTERIO;HidroeléctricaPasada;HIDROELECTRICA;;0.0
806;DONA_HILDA;HidroeléctricaPasada;HIDROELECTRICA;;0.0
807;DONGO;HidroeléctricaPasada;HIDROELECTRICA;;0.0
808;DONGUIL;HidroeléctricaPasada;HIDROELECTRICA;;0.0
809;DOSAL;HidroeléctricaPasada;HIDROELECTRICA;;0.0
810;EL_AGRIO;HidroeléctricaPasada;HIDROELECTRICA;;0.0
811;EL_BRINCO;HidroeléctricaPasada;HIDROELECTRICA;;0.0
812;EL_CANELO;HidroeléctricaPasada;HIDROELECTRICA;;0.0
813;EL_GALPON;HidroeléctricaPasada;HIDROELECTRICA;;0.0
814;EL_LLANO;HidroeléctricaPasada;HIDROELECTRICA;;0.0
815;EL_MIRADOR;HidroeléctricaPasada;HIDROELECTRICA;;0.0
816;EL_TARTARO;HidroeléctricaPasada;HIDROELECTRICA;;0.0
817;ENSENADA;HidroeléctricaPasada;HIDROELECTRICA;;0.0
818;EYZAGUIRRE;HidroeléctricaPasada;HIDROELECTRICA;;0.0
819;G_LA_COMPANIA_II;HidroeléctricaPasada;HIDROELECTRICA;;0.0
820;HIDROBONITO1;HidroeléctricaPasada;HIDROELECTRICA;;0.0
821;HIDROBONITO2;HidroeléctricaPasada;HIDROELECTRICA;;0.0
822;HIDROBONITO3;HidroeléctricaPasada;HIDROELECTRICA;;0.0
823;JUNCALITO;HidroeléctricaPasada;HIDROELECTRICA;;0.0
824;LA ARENA;HidroeléctricaPasada;HIDROELECTRICA;;0.0
825;LA_BIFURCADA;HidroeléctricaPasada;HIDROELECTRICA;;0.0
826;LA_MONTANA_1;HidroeléctricaPasada;HIDROELECTRICA;;0.0
827;LA_MONTANA_2;HidroeléctricaPasada;HIDROELECTRICA;;0.0
828;LA_PALOMA;HidroeléctricaPasada;HIDROELECTRICA;;0.0
829;LAS_FLORES;HidroeléctricaPasada;HIDROELECTRICA;;0.0
830;LAS_VERTIENTES;HidroeléctricaPasada;HIDROELECTRICA;;0.0
831;LAS_VINAS;HidroeléctricaPasada;PMGD;;0.0
832;LOS PADRES;HidroeléctricaPasada;HIDROELECTRICA;;0.0
833;LOS_BAJOS;HidroeléctricaPasada;HIDROELECTRICA;;0.0
834;LOS_COLONOS;HidroeléctricaPasada;HIDROELECTRICA;;0.0
835;LOS_MORROS;HidroeléctricaPasada;HIDROELECTRICA;;0.0
836;LOS_PORTONES;HidroeléctricaPasada;HIDROELECTRICA;;0.0
837;MAISAN;HidroeléctricaPasada;HIDROELECTRICA;;0.0
838;MALLARAUCO;HidroeléctricaPasada;HIDROELECTRICA;;0.0
839;MANZANO;HidroeléctricaPasada;HIDROELECTRICA;;0.0
840;MARIA ELENA;HidroeléctricaPasada;HIDROELECTRICA;;0.0
841;MCARRAYAN;HidroeléctricaPasada;HIDROELECTRICA;;0.0
842;MELO;HidroeléctricaPasada;HIDROELECTRICA;;0.0
843;MOLINERA_VILLARRICA;HidroeléctricaPasada;HIDROELECTRICA;;0.0
844;MSA1;HidroeléctricaPasada;HIDROELECTRICA;;0.0
845;MUCHI;HidroeléctricaPasada;HIDROELECTRICA;;0.0
846;MUNILQUE1;HidroeléctricaPasada;HIDROELECTRICA;;0.0
847;MUNILQUE2;HidroeléctricaPasada;HIDROELECTRICA;;0.0
848;PANGUIPULLI;HidroeléctricaPasada;PMGD;;0.0
849;PEHUI II;HidroeléctricaPasada;HIDROELECTRICA;;0.0
850;PICHILONCO II;HidroeléctricaPasada;HIDROELECTRICA;;0.0
851;PIUTEL;HidroeléctricaPasada;HIDROELECTRICA;;0.0
852;PUCLARO;HidroeléctricaPasada;HIDROELECTRICA;;0.0
853;PURISIMA;HidroeléctricaPasada;HIDROELECTRICA;;0.0
854;QUILLAILEO;HidroeléctricaPasada;HIDROELECTRICA;;0.0
855;RECA;HidroeléctricaPasada;HIDROELECTRICA;;0.0
856;RIOMULCHEN;HidroeléctricaPasada;HIDROELECTRICA;;0.0
857;ROBLERIA;HidroeléctricaPasada;HIDROELECTRICA;;0.0
858;SANTA ISABEL;HidroeléctricaPasada;HIDROELECTRICA;;0.0
859;SANTA_ELENA;HidroeléctricaPasada;HIDROELECTRICA;;0.0
860;SAUCE_ANDES;HidroeléctricaPasada;PMGD;;0.0
861;TRAILELFU;HidroeléctricaPasada;HIDROELECTRICA;;0.0
862;TRANQUIL;HidroeléctricaPasada;HIDROELECTRICA;;0.0
863;TRUENO;HidroeléctricaPasada;HIDROELECTRICA;;0.0
864;TRUFUL;HidroeléctricaPasada;HIDROELECTRICA;;0.0
865;TRUFUL_LICAN;HidroeléctricaPasada;HIDROELECTRICA;;0.0
866;MANDINGA_I;Fotovoltaico;SOLAR;;0.0
867;RES_EGIDO;Termica;TERMOELECTRICA;;0.0
868;AGGREKO;Termica;TERMOELECTRICA;;0.0
869;AGNI;Termica;TERMOELECTRICA;;0.0
870;AHOSPICIO;HidroeléctricaPasada;HIDROELECTRICA;;0.0
871;ALAMOS;Termica;TERMOELECTRICA;;0.0
872;ALMENDRADO;Termica;TERMOELECTRICA;;0.0
873;AROMOS;Termica;TERMOELECTRICA;;0.0
874;BIO_LOS_PINOS;HidroeléctricaPasada;PMGD;;0.0
875;BIOCRUZ;Termica;TERMOELECTRICA;;0.0
876;BIOMAR;Termica;PMGD;;0.0
877;BLUGATE;Termica;TERMOELECTRICA;;0.0
878;BOLDOS;Termica;TERMOELECTRICA;;0.0
879;CALAFATE;Termica;TERMOELECTRICA;;0.0
880;CALFUCO;Termica;TERMOELECTRICA;;0.0
881;CAMPESINA;Termica;TERMOELECTRICA;;0.0
882;CAMPING;Termica;TERMOELECTRICA;;0.0
883;CANETE;Termica;TERMOELECTRICA;;0.0
884;CASABLANCA1;Termica;TERMOELECTRICA;;0.0
885;CASABLANCA2;Termica;TERMOELECTRICA;;0.0
886;CAVANCHA;HidroeléctricaPasada;HIDROELECTRICA;;0.0
887;CHIFIN;Termica;TERMOELECTRICA;;0.0
888;CHILLAN;Termica;PMGD;;0.0
889;CHORRILLOS;Termica;TERMOELECTRICA;;0.0
890;CIRUELILLO;Termica;TERMOELECTRICA;;0.0
891;CONCONLIP;Termica;TERMOELECTRICA;;0.0
892;COPIULEMU;Termica;TERMOELECTRICA;;0.0
893;CORTES;Termica;TERMOELECTRICA;;0.0
894;CURACAUTIN;Termica;TERMOELECTRICA;;0.0
895;CURAUMA;Termica;TERMOELECTRICA;;0.0
896;DAGOBERTO;Termica;TERMOELECTRICA;;0.0
897;DANISCO;Termica;PMGD;;0.0
898;DEUCO;Termica;TERMOELECTRICA;;0.0
899;DON_PEDRO;Termica;TERMOELECTRICA;;0.0
900;EAGON;Termica;TERMOELECTRICA;;0.0
901;EL_ALERCE;Termica;TERMOELECTRICA;;0.0
902;EL_CEREZO;Termica;TERMOELECTRICA;;0.0
903;EL_FARO;Termica;TERMOELECTRICA;;0.0
904;ELCANELO_2;Termica;PMGD;;0.0
905;ELCANELO1;Termica;PMGD;;0.0
906;ERMITANO;Termica;TERMOELECTRICA;;0.0
907;ESTANCILLA;Termica;TERMOELECTRICA;;0.0
908;ESTANDARTE;Termica;TERMOELECTRICA;;0.0
909;ETERSOL;Termica;TERMOELECTRICA;;0.0
910;GAMI;Termica;TERMOELECTRICA;;0.0
911;HBSGNL;Termica;TERMOELECTRICA;;0.0
912;JAVIERA_VALLEDOR;Termica;PMGD;;0.0
913;JCE;Termica;PMGD;;0.0
914;LAGUNITAS;Termica;TERMOELECTRICA;;0.0
915;LAS_QUEMAS;Termica;TERMOELECTRICA;;0.0
916;LEBU;Termica;PMGD;;0.0
917;LEPANTO;Biogas;TERMOELECTRICA;;0.0
918;LONQUIMAY;Termica;TERMOELECTRICA;;0.0
919;LOS_NEGROS;Termica;TERMOELECTRICA;;0.0
920;LOS_SAUCES;Termica;TERMOELECTRICA;;0.0
921;LOS_TAMBORES;Termica;TERMOELECTRICA;;0.0
922;LOUISIANA_PACIFIC_L;Termica;TERMOELECTRICA;;0.0
923;LOUISIANA_PACIFIC_P;Termica;TERMOELECTRICA;;0.0
924;MAPOCHO_TREBAL;Biogas;TERMOELECTRICA;;0.0
925;MIMBRE;Termica;TERMOELECTRICA;;0.0
926;MOLINA;Termica;TERMOELECTRICA;;0.0
927;MONTE_PATRIA;Termica;TERMOELECTRICA;;0.0
928;MOSTOS_PACIFICO;Termica;TERMOELECTRICA;;0.0
929;MULTIEXPORT I;Termica;TERMOELECTRICA;;0.0
930;MULTIEXPORT II;Termica;TERMOELECTRICA;;0.0
931;ORAFTI;Termica;TERMOELECTRICA;;0.0
932;PICOLTUE;Termica;TERMOELECTRICA;;0.0
933;PINARES;Termica;TERMOELECTRICA;;0.0
934;PUNITAQUI;Termica;TERMOELECTRICA;;0.0
935;QUEMCHI;Termica;PMGD;;0.0
936;QUITRALMAN;Termica;TERMOELECTRICA;;0.0
937;RAMADILLA;Termica;TERMOELECTRICA;;0.0
938;RAPACO;Termica;TERMOELECTRICA;;0.0
939;RASO_POWER;Termica;TERMOELECTRICA;;0.0
940;REY;Termica;TERMOELECTRICA;;0.0
941;RIO_AZUL;Termica;TERMOELECTRICA;;0.0
942;SANTAROSA;HidroeléctricaPasada;PMGD;;0.0
943;SEPULTURA;Termica;TERMOELECTRICA;;0.0
944;SKRETTING;Termica;PMGD;;0.0
945;SKRETTING OSORNO;Termica;PMGD;;0.0
946;SOUTHERN_BULBS;Termica;PMGD;;0.0
947;TAPIHUE;Termica;TERMOELECTRICA;;0.0
948;TIRUA;Termica;TERMOELECTRICA;;0.0
949;TOMAVAL;Termica;TERMOELECTRICA;;0.0
950;TRAIGUEN;Termica;TERMOELECTRICA;;0.0
951;TRONGOL;Termica;PMGD;;0.0
952;WATT I;Termica;PMGD;;0.0
953;WATT II;Termica;PMGD;;0.0
954;YUMBEL;Termica;TERMOELECTRICA;;0.0
955;ZAPALLAR;Termica;TERMOELECTRICA;;0.0
956;ZOFRI;Termica;TERMOELECTRICA;;0.0
957;ANDES;BESS;BESS;;0.0
958;ANDES;Termica;TERMOELECTRICA;;0.0
959;CANDELARIA;Termica;TERMOELECTRICA;;0.0
960;CANDELARIA;Fotovoltaico;TERMOELECTRICA;;0.0
961;CERRODOMINADOR;ConcentradorSolar;SOLAR;;0.0
962;CERRODOMINADOR;Fotovoltaico;SOLAR;;0.0
963;COYA;Fotovoltaico;HIDROELECTRICA;;0.0
964;COYA;HidroeléctricaPasada;HIDROELECTRICA;;0.0
965;DIEGO_DE_ALMAGRO;Fotovoltaico;TERMOELECTRICA;;0.0
966;DIEGO_DE_ALMAGRO;Termica;TERMOELECTRICA;;0.0
967;EL_NOGAL;Eolico;TERMOELECTRICA;;0.0
968;EL_NOGAL;Termica;TERMOELECTRICA;;0.0
969;ELTORO2;HidroeléctricaEmbalse;HIDROELECTRICA;;0.0
970;ELTORO2;HidroeléctricaPasada;HIDROELECTRICA;;0.0
971;HORNITOS;HidroeléctricaPasada;HIDROELECTRICA;;0.0
972;HORNITOS;Fotovoltaico;HIDROELECTRICA;;0.0
973;MACHICURA;HidroeléctricaEmbalse;HIDROELECTRICA;;0.0
974;MACHICURA;Fotovoltaico;HIDROELECTRICA;;0.0
975;NUEVA_ALDEA1;BioMasa;TERMOELECTRICA;;0.0
976;NUEVA_ALDEA1;Termica;TERMOELECTRICA;;0.0
977;PUNTA_COLORADA;Eolico;TERMOELECTRICA;;0.0
978;PUNTA_COLORADA;Termica;TERMOELECTRICA;;0.0
979;RENAICO;Eolico;HIDROELECTRICA;;0.0
980;RENAICO;HidroeléctricaPasada;HIDROELECTRICA;;0.0
981;SAN_ANDRES;Fotovoltaico;HIDROELECTRICA;;0.0
982;SAN_ANDRES;HidroeléctricaPasada;HIDROELECTRICA;;0.0
983;SANTA_FE;BioMasa;TERMOELECTRICA;;0.0
984;SANTA_FE;Fotovoltaico;TERMOELECTRICA;;0.0
985;SOLAR_PACK_V.ALEMANA;Fotovoltaico;SOLAR;;0.0
987;TOTORAL;Eolico;TERMOELECTRICA;;0.0
988;TOTORAL;Termica;TERMOELECTRICA;;0.0
989;LAGUNA_VERDE_TG;Termica;Central;;0.0
990;MINERA_GABY;0;Central;;0.0
991;TE_IQUIQUE;Termica;Central;;0.0
992;CTSALAR;Termica;Central;;0.0
993;ELIQSA;Termica;PMGD;;0.0
994;LAS_GOLONDRINAS;Fotovoltaico;SOLAR;;0.0
995;RATULEMUS;Fotovoltaico;SOLAR;;0.0
996;LAS_BANDURRIAS;Fotovoltaico;SOLAR;;0.0
997;CHAMPA;Fotovoltaico;SOLAR;;0.0
998;TIGRE;Termica;PMGD;;0.0
999;COLTAUCO_ALMENDRO;Fotovoltaico;SOLAR;;0.0
1000;EL_PICHON;Fotovoltaico;SOLAR;;0.0
1001;ROSARIO;Fotovoltaico;SOLAR;;0.0
1002;AYLA;Fotovoltaico;SOLAR;;0.0
1003;IBERATACAMA;Eolico;Central;;0.0
1004;TOCOPILLA_U14_U15;Termica;TERMOELECTRICA;;0.0
1005;MESETA_ANDES;Fotovoltaico;SOLAR;;0.0
1006;JOTABECHE;Fotovoltaico;SOLAR;;0.0
1007;CONCON;Fotovoltaico;TERMOELECTRICA;;0.0
1008;SAMO_BAJO;Fotovoltaico;SOLAR;;0.0
1009;MAIKONO;Fotovoltaico;SOLAR;;0.0
1010;MARANON_II;Fotovoltaico;SOLAR;;0.0
1011;COLINA;Fotovoltaico;SOLAR;;0.0
1012;REXNER_II;Fotovoltaico;SOLAR;;0.0
1013;GAVIOTIN;Fotovoltaico;SOLAR;;0.0
1014;LLAUQUEREO;HidroeléctricaPasada;HIDROELECTRICA;;0.0
1015;LA_GAMBOINA;Fotovoltaico;SOLAR;;0.0
1016;CABRERO_SOLAR;Fotovoltaico;SOLAR;;0.0
1017;EL_TRIGAL;Fotovoltaico;SOLAR;;0.0
1018;PUEBLO_SECO;Fotovoltaico;SOLAR;;0.0
1019;DALMAGRO_SUR_1;BESS;BESS;;0.0
1020;DALMAGRO_SUR_2;BESS;BESS;;0.0
1021;CARACAS_II;Fotovoltaico;SOLAR;;0.0
1022;CHAPIQUINA_1;HidroeléctricaPasada;HIDROELECTRICA;;0.0
1023;CHAPIQUINA_2;HidroeléctricaPasada;HIDROELECTRICA;;0.0
1024;PENAFLOR;Fotovoltaico;SOLAR;;0.0
1025;TAMARAMA;Fotovoltaico;SOLAR;;0.0
1026;QUEMADOS;Fotovoltaico;SOLAR;;0.0
1027;PATRICIA_DEL_VERANO_SOLAR;Fotovoltaico;SOLAR;;0.0
1028;MERCED;Termica;TERMOELECTRICA;Aparece en potencia  marzo 2023;0.0
1029;PELUMPEN;Fotovoltaico;SOLAR;Aparece en abril 2023;0.0
1030;PENAFLOR_II;Fotovoltaico;SOLAR;Aparece en abril 2023;0.0
1031;TALLADO;Fotovoltaico;SOLAR;Aparece en abril 2023;0.0
1032;RIMINI;Fotovoltaico;SOLAR;Aparece en abril 2023;0.0
1033;SOLAR_ELENA;Fotovoltaico;SOLAR;;0.0
1034;LA_GLORIA;BioMasa;PMGD;;0.0
1035;ARICA;Fotovoltaico;PMGD;;0.0
1036;COYUNCHE;Fotovoltaico;SOLAR;;0.0
1037;RECONQUISTADOR;Fotovoltaico;SOLAR;;0.0
1038;REN;Fotovoltaico;SOLAR;;0.0
1039;North West;Fotovoltaico;PMG;;
1040;OLIVIER;Fotovoltaico;SOLAR;;0.0
1041;LOS_NOGALES;Fotovoltaico;SOLAR;;0.0
1042;LO_MIGUEL;Fotovoltaico;SOLAR;;0.0
1043;EL_JARDIN;Termica;TERMOELECTRICA;;0.0
1044;LAS_DALIAS;Termica;TERMOELECTRICA;;0.0
1045;CRMaite;Termica;Central;;0.0
1046;WILLKA;Fotovoltaico;SOLAR;;0.0
1047;LAS SALINAS;Fotovoltaico;SOLAR;;0.0
1048;OLIVIA;Fotovoltaico;SOLAR;;0.0
1049;EL_CHERCAN;Fotovoltaico;SOLAR;;0.0
1050;VIOLETA;Fotovoltaico;SOLAR;;0.0
1051;YAHUTELA;Fotovoltaico;SOLAR;;0.0
1052;CLEMENTINA;Fotovoltaico;SOLAR;;0.0
1053;LOS_CISNES;Fotovoltaico;SOLAR;;0.0
1054;MAITENLAHUE;Fotovoltaico;SOLAR;;0.0
1055;LA CABAÑA;Eolico;EOLICA;;0.0
1056;Independencia;Fotovoltaico;PMGD;;0.0
1057;INYECCION_GRACE;0;0;para asignar id a registro de neteo de Aes;0.0
1058;SANTA_LUCIA;Fotovoltaico;SOLAR;;0.0
1059;RENGO_SOLAR;Fotovoltaico;SOLAR;;0.0
1060;PELLIN;Fotovoltaico;SOLAR;;0.0
1061;MAIMALICAN;Fotovoltaico;SOLAR;;0.0
1062;EL_RAYADOR;Fotovoltaico;SOLAR;;0.0
1063;EL_PERAL;Fotovoltaico;SOLAR;;0.0
1064;EL_PALQUI;Fotovoltaico;SOLAR;;0.0
1065;DONA_IGNA;Fotovoltaico;SOLAR;;0.0
1066;DON_MATIAS;Fotovoltaico;SOLAR;;0.0
1067;CHILENER;Fotovoltaico;SOLAR;;0.0
1068;RENAICO_II;Eolico;Central;;0.0
1069;RENAICO_I;Eolico;Central;;0.0
1070;SIETE_COLORES;Fotovoltaico;SOLAR;;0.0
1071;CEME 1;Fotovoltaico;SOLAR;;
1072;VENEZIA SOLAR;Fotovoltaico;SOLAR;;0.0
1073;Manantiales;Eolico;Central;;0.0
1074;Los Cerrillos;Eolico;Central;;0.0
1075;Cardonal;Eolico;Central;;0.0
1076;Parque La Travesía;Fotovoltaico;PMGD;;
1077;COYA;Termica;HIDROELECTRICA;;0.0
1078;LAS_ARBOLEDAS;Fotovoltaico;SOLAR;;0.0
1079;PAILLIHUE;Fotovoltaico;SOLAR;;0.0
1080;CTRL_EMANZANO;Fotovoltaico;SOLAR;;0.0
1081;JARDIN_PETORCA;Fotovoltaico;SOLAR;;0.0
1082;TAGUAS;Fotovoltaico;SOLAR;;0.0
1083;Don Oscar;Fotovoltaico;PMGD;;
1084;ANGOSTURA3;HidroeléctricaEmbalse;HIDROELECTRICA;;0.0
1085;ANANUCA;Fotovoltaico;SOLAR;;0.0
1086;AVELLANO_SOLAR;Fotovoltaico;SOLAR;;0.0
1087;BLU;Fotovoltaico;SOLAR;;0.0
1088;CARA_DE_GALLO;Fotovoltaico;SOLAR;;0.0
1089;EL_CUERVO;Fotovoltaico;SOLAR;;0.0
1090;FOTOVOLT_1;Fotovoltaico;SOLAR;;0.0
1091;LAJA_ANDINO;Fotovoltaico;SOLAR;;0.0
1092;ORQUIDEA;Fotovoltaico;SOLAR;;0.0
1093;POCILLAS;Fotovoltaico;SOLAR;;0.0
1094;QUILMO_SOLAR;Fotovoltaico;SOLAR;;0.0
1095;SAN_EUGENIO_SOLAR;Fotovoltaico;SOLAR;;0.0
1096;SOY_SOLAR;Fotovoltaico;SOLAR;;0.0
1097;TIJERAL;Fotovoltaico;SOLAR;;0.0
1098;Doña Antonia;Fotovoltaico;PMGD;;0.0
1099;Andes Solar IV;Fotovoltaico;Central;;0.0
1100;LA_PAZ;Fotovoltaico;SOLAR;;0.0
1101;ALAMBRE_DOS;Fotovoltaico;PMGD;;0.0
1102;MALVILLA;Fotovoltaico;SOLAR;;0.0
1103;TRANQUE;Fotovoltaico;SOLAR;;0.0
1104;CONFIANZA;HidroeléctricaPasada;PMG;;0.0
1105;PENCAHUE;Fotovoltaico;SOLAR;;0.0
1106;ARRAYANES;Termica;TERMOELECTRICA;;0.0
1107;PM_FV_NORTHWEST;Fotovoltaico;SOLAR;;0.0
1108;Añuñuca del Verano;Fotovoltaico;PMGD;;
1109;Fuster del Verano;Fotovoltaico;PMGD;;
1110;CENTAURO_SOLAR;Fotovoltaico;SOLAR;;0.0
1111;EA_SF_GRANEROS;Fotovoltaico;SOLAR;;0.0
1112;EL_CARDENAL;Fotovoltaico;SOLAR;;0.0
1113;EL_MIRLO;Fotovoltaico;SOLAR;;0.0
1114;FUSTER;Fotovoltaico;SOLAR;;0.0
1115;MACARENA_SOLAR;Fotovoltaico;SOLAR;;0.0
1116;PATAGUA;Fotovoltaico;SOLAR;;0.0
1117;RUCAPAINE;Fotovoltaico;SOLAR;;0.0
1118;SOL_DEL_MAULE;Fotovoltaico;PMGD;;0.0
1119;PUNTILLA;HidroeléctricaPasada;HIDROELECTRICA;;0.0
1120;TRANCA_DEL_TORO;HidroeléctricaPasada;HIDROELECTRICA;;0.0
1121;Pomuyeto;Fotovoltaico;PMGD;;0.0
1122;SGT_CATAPILCO;Fotovoltaico;SOLAR;;0.0
1123;ENAMI_SOLAR;Fotovoltaico;SOLAR;;0.0
1124;SAN_ANTONIO_EL_MONTE;Fotovoltaico;SOLAR;;0.0
1125;SOFIA;Fotovoltaico;SOLAR;;0.0
1126;GRAN_TENO_SOLAR;Fotovoltaico;PMGD;;0.0
1127;SAN_MATIAS;Eolico;EOLICA;;0.0
1128;LOS_ROBLES;Fotovoltaico;SOLAR;;0.0
1129;PUELCHE_SOLAR;Fotovoltaico;SOLAR;;0.0
1130;SOL_DE_SANTA_INES;Fotovoltaico;SOLAR;;0.0
1131;EA_MAITEN;Fotovoltaico;PMGD;;0.0
1132;EL_CARPINTERO;Fotovoltaico;SOLAR;;0.0
1133;OSCAR;Fotovoltaico;SOLAR;;0.0
1134;EMILIA;Fotovoltaico;SOLAR;;0.0
1135;LUCAS;Fotovoltaico;SOLAR;;0.0
1136;Chercan;Fotovoltaico;PMG;;0.0
1137;CORSO;Fotovoltaico;SOLAR;;
1138;TAIRA;Fotovoltaico;SOLAR;desde marzo2025 aparece como central;0.0
1139;PUNTA DE TALCA;Eolico;Central;;0.0
1140;PATAGUILLA;Fotovoltaico;SOLAR;;0.0
1141;ALAMEDA;Fotovoltaico;SOLAR;;0.0
1142;CAIQUEN;Fotovoltaico;SOLAR;;0.0
1143;ENDIMIA;Fotovoltaico;SOLAR;;0.0
1144;LBATROS;Fotovoltaico;SOLAR;;0.0
1145;MALLOCO;Fotovoltaico;SOLAR;;0.0
1146;MORA;Fotovoltaico;SOLAR;;0.0
1147;PARRAL;Fotovoltaico;SOLAR;;0.0
1148;PORTAL;HidroeléctricaPasada;HIDROELECTRICA;;0.0
1149;FAROL_SOLAR;Fotovoltaico;SOLAR;;0.0
1150;LA_VENDIMIA;Fotovoltaico;SOLAR;;
1151;Hornopirén;HidroeléctricaPasada;PMG;;
1152;Quebrada de Talca;Fotovoltaico;PMGD;;0.0
1153;Huigan;Fotovoltaico;PMGD;;
1154;Axel Solar;Fotovoltaico;PMGD;;0.0
1155;Parque San Francisco Parral;Fotovoltaico;PMGD;;
1157;DON_SIMON;Fotovoltaico;SOLAR;;0.0
1158;EL_INTERLOCUTOR;Fotovoltaico;SOLAR;;0.0
1159;HURTADO;Fotovoltaico;SOLAR;;0.0
1160;LOMA_TENDIDA_DEL_VERANO;Fotovoltaico;SOLAR;;0.0
1161;MAYOS_2;Fotovoltaico;SOLAR;;0.0
1162;ROMA;Fotovoltaico;SOLAR;;0.0
1163;TRILE;Fotovoltaico;SOLAR;;0.0
1164;CEM1;Fotovoltaico;SOLAR;;0.0
1165;CALDERA;Fotovoltaico;SOLAR;;0.0
1166;CHEQUEN_SOLAR;Fotovoltaico;SOLAR;;0.0
1167;TALAGANTE;Fotovoltaico;SOLAR;;0.0
1168;RUBENA;Fotovoltaico;PMGD;;0.0
1169;ALDEBARAN;Fotovoltaico;SOLAR;;0.0
1170;DESIERTO DE ATACAMA;Fotovoltaico;CTRL;;
1171;Alto del Sol;Fotovoltaico;CTRL;;0.0
1172;Alto Bellavista Sunlight;Fotovoltaico;PMGD;;0.0
1173;CTM;Termica;Central;;0.0
1175;CABIMAS;Fotovoltaico;SOLAR;;0.0
1176;CHANAR_DEL_VERANO;Fotovoltaico;SOLAR;;0.0
1177;DONA_REGINA_SOLAR;Fotovoltaico;SOLAR;;0.0
1178;JILGUERO;Fotovoltaico;SOLAR;;0.0
1179;PESARO;Fotovoltaico;SOLAR;;0.0
1180;PICHILEMU;Fotovoltaico;PMGD;;0.0
1181;PUEBLO_HUNDIDO;Fotovoltaico;SOLAR;;0.0
1182;RCU;Fotovoltaico;SOLAR;;0.0
1183;SAN_ALBERTO;Fotovoltaico;SOLAR;;0.0
1184;SANTA_TERESITA;Fotovoltaico;SOLAR;;0.0
1185;SOLARPACK_MALLOA;Fotovoltaico;SOLAR;;0.0
1186;UNIHUE;Fotovoltaico;SOLAR;;0.0
1187;PVP MAYOS;Fotovoltaico;SOLAR;;
1188;SAN EDUARDO;Fotovoltaico;SOLAR;;0.0
1189;TAMANGO;Fotovoltaico;SOLAR;;0.0
1190;TAMARICO;Fotovoltaico;SOLAR;;0.0
1191;LA CABAÑA;BESS;BESS;;0.0
1192;LORO_CHOROY;Fotovoltaico;SOLAR;;0.0
1193;MACAO;Fotovoltaico;SOLAR;;0.0
1194;PLAZA_SUNLIGHT;Fotovoltaico;SOLAR;;0.0
1195;RIO_LLUTA;Fotovoltaico;PMGD;;0.0
1196;SANTA_PAMELA;Fotovoltaico;SOLAR;;0.0
1197;TURQUIA;Fotovoltaico;SOLAR;;0.0
1198;VERONA;Fotovoltaico;SOLAR;;0.0
1199;VINAS_DEL_SOL;Fotovoltaico;SOLAR;;0.0
1200;HORIZONTE;Eolico;SOLAR;;0.0
1201;PMGD PFV Las Chilcas;Fotovoltaico;PMGD;;0.0
1202;PFV PMG LLANCAY;Fotovoltaico;PMG;;
1203;PFV DON HUMBERTO;Fotovoltaico;SOLAR;;0.0
1204;ANCAHUAL_SOLAR;Fotovoltaico;SOLAR;;0.0
1205;LA_HUERTA;Fotovoltaico;SOLAR;;0.0
1206;SAN_CLEMENTE_FLOR_DEL_LLANO;Fotovoltaico;PMGD;;0.0
1207;SAN_RAFAEL;Fotovoltaico;SOLAR;;0.0
1208;SUNLIGHT_2;Fotovoltaico;SOLAR;;0.0
1209;LONCURA;Fotovoltaico;SOLAR;;0.0
1210;AHE BUENAS YERBAS;Fotovoltaico;SOLAR;;
1211;KALLPA;Eolico;EOLICA;desde marzo2025 aparece como central;0.0
1212;CONTULMO;Termica;TERMOELECTRICA;;
1213;SALMOFOOD;Termica;TERMOELECTRICA;;
1214;VIENTOS PATAGONICOS (SM);Eolico;EOLICA;;
1215;FOTOVOLT SOLAR;Fotovoltaico;SOLAR;;
1216;SOLAR PALERMO;Fotovoltaico;SOLAR;;
1217;TURPIAL;Fotovoltaico;SOLAR;;0.0
1218;LAS LOICAS;Fotovoltaico;PMGD;;0.0
1219;BELLET;Termica;TERMOELECTRICA;;0.0
1220;CURACO;Fotovoltaico;SOLAR;;0.0
1221;SANTA_BLANCA;Fotovoltaico;SOLAR;;0.0
1222;HIJUELA_4;Fotovoltaico;PMGD;;0.0
1223;PMGD PFV Lloica;Fotovoltaico;PMGD;;
1224;PMGD PFV Caranca;Fotovoltaico;PMGD;;0.0
1225;PFV Leyda;Fotovoltaico;SOLAR;;
1226;PFV RUCASOL;Fotovoltaico;SOLAR;;0.0
1228;CMPC_BUCALEMU;BioMasa;TERMOELECTRICA;;0.0
1229;SAUZAL;HidroeléctricaPasada;HIDROELECTRICA;;0.0
1230;CHICAUMA;Fotovoltaico;SOLAR;;0.0
1231;PALERMO;Fotovoltaico;SOLAR;;0.0
1232;SGT_TUCAPEL;Fotovoltaico;SOLAR;;0.0
1233;LENGA_SOLAR;Fotovoltaico;SOLAR;;0.0
1234;SOLAR_DEL_BUENO;Fotovoltaico;SOLAR;;0.0
1235;MARIA_DOLORES;Fotovoltaico;SOLAR;;0.0
1236;LA_ROSA;Fotovoltaico;SOLAR;;0.0
1237;LOS CONDORES;HidroeléctricaPasada;HIDROELECTRICA;;0.0
1238;EMILIA SOLAR;Fotovoltaico;SOLAR;;
1239;CEFALU;Fotovoltaico;SOLAR;;0.0
1240;COLIBRI;Fotovoltaico;SOLAR;;0.0
1241;GENOVA;Fotovoltaico;SOLAR;;0.0
1242;SAGRADA_FAMILIA_LA_FORTUNA;Fotovoltaico;SOLAR;;0.0
1243;SGT_CHOLGUAN;Fotovoltaico;PMGD;;0.0
1244;IMPERIAL;BESS;BESS;;0.0
1245;PEUMO YUNGAY;Fotovoltaico;Central;;
1246;ALIANZA;Fotovoltaico;SOLAR;;0.0
1247;BARCELONA;Fotovoltaico;SOLAR;;0.0
1248;BELEN SOLAR;Fotovoltaico;SOLAR;;0.0
1249;BULNES_SOLAR;Fotovoltaico;SOLAR;;0.0
1250;CENTRAL_ACONCAGUATG;Termica;TERMOELECTRICA;;0.0
1251;MALGARIDA_I;Fotovoltaico;SOLAR;;0.0
1252;MALGARIDA_II;Fotovoltaico;SOLAR;;0.0
1254;ESPIGA  DE ORO;Fotovoltaico;SOLAR;;0.0
1255;LA  FLOR ;Eolico;EOLICA;;0.0
1256;TRAVESIA   ;Fotovoltaico;SOLAR;;0.0
1257;RINCONADA2   ;Fotovoltaico;SOLAR;;0.0
1258;QUINTA  CABRERO ;Fotovoltaico;SOLAR;;0.0
1259;CATO  SOLAR ;Fotovoltaico;SOLAR;;0.0
1260;LIEBRE  DEL VERANO;Fotovoltaico;SOLAR;;0.0
1261;LA PERLA ;Fotovoltaico;SOLAR;;0.0
1273;TORTUGA SOLAR;Fotovoltaico;SOLAR;;0.0
1281;BESS DON HUMBERTO;BESS;BESS;;0.0
1282;CETUS;Fotovoltaico;PMGD;;0.0
1283;CHACAICO;Fotovoltaico;SOLAR;;0.0
1284;CHILLAN HUAMBALI HIPER;Fotovoltaico;PMGD;;0.0
1285;CHILLAN VICENTE MENDEZ;Fotovoltaico;PMGD;;0.0
1286;CONDOR LIGUA;Fotovoltaico;SOLAR;;0.0
1287;EL TRIUNFO;Fotovoltaico;SOLAR;;0.0
1288;LOS BANOS;Fotovoltaico;SOLAR;;0.0
1289;SAN ISIDRO SOLAR;Fotovoltaico;PMGD;;0.0
1290;TES SOLAR;Fotovoltaico;SOLAR;;0.0
1291;TOPAICO;Fotovoltaico;SOLAR;;0.0
1292;COLACO PARGUA;Termica;TERMOELECTRICA;;0.0
1293;MAYOR POWER;Termica;TERMOELECTRICA;;0.0
1294;VILLA LONGAVI;Fotovoltaico;SOLAR;;0.0
1295;LEYDA;Fotovoltaico;SOLAR;;0.0
1296;VELASCO SOLAR;Fotovoltaico;SOLAR;;0.0
1297;EL MANZANO;BESS;BESS;;0.0
1298;PARQUE CAUQUENES;Fotovoltaico;SOLAR;;0.0
1299;CANQUEN;Fotovoltaico;SOLAR;;0.0
1300;CHINCHORRO;Fotovoltaico;SOLAR;;0.0
1301;EL TREBOL;Fotovoltaico;SOLAR;;0.0
1302;NANDU;Fotovoltaico;SOLAR;;0.0
1303;PERSEFONE;Fotovoltaico;SOLAR;;0.0
1304;SAN VICENTE TT;Fotovoltaico;SOLAR;;0.0
1305;SIRIMAVO;Fotovoltaico;SOLAR;;0.0
1307;QUILLAGUA;BESS;BESS;;0.0
1308;CASA DE LATA;Fotovoltaico;PMGD;;0.0
1309;FRAGATA;Fotovoltaico;SOLAR;;0.0
1310;LA GONZALINA DE TUNICHE SUNLIGHT;Fotovoltaico;SOLAR;;0.0
1311;LOS MORROS II;Fotovoltaico;PMGD;;0.0
1312;MARGARITA X;Fotovoltaico;SOLAR;;0.0
1313;SAND SOLAR;Fotovoltaico;SOLAR;;0.0
1314;SOLARIS;Fotovoltaico;SOLAR;;0.0
1315;SUNRAY;Fotovoltaico;SOLAR;;0.0
1316;TACAS 2;Fotovoltaico;SOLAR;;0.0
1317;TARUCA;Fotovoltaico;SOLAR;;0.0
1318;PILOTO;BESS;BESS;;0.0
1320;COLLANCO;Fotovoltaico;PMGD;;0.0
1321;VILLA;Fotovoltaico;SOLAR;;0.0
1322;LLANCAY;Fotovoltaico;SOLAR;;0.0
1323;PARQUE SOLAR PEUMO;Fotovoltaico;SOLAR;;0.0
1324;DESATACAMA;Fotovoltaico;PMG;;0.0
1325;Holley;Termica;TERMOELECTRICA;;0.0
1326;EXEQUIEL FERNANDEZ;Termica;TERMOELECTRICA;;0.0
1327;HORIZONTE SUR;Eolico;EOLICA;;0.0
1328;ANTOFAGASTA;Eolico;Central;;0.0
1329;LAS NIEVES;HidroeléctricaPasada;PMG;;
1330;LOS NARANJOS;Fotovoltaico;PMGD;;0.0
1331;LOS MORROS I;Fotovoltaico;PMGD;;
1332;ISIDRO;Fotovoltaico;PMGD;;
1333;CUARZO;Fotovoltaico;SOLAR;;0.0
1334;BELENOS TIL TIL;Fotovoltaico;SOLAR;;
1335;LAS TACAS;Fotovoltaico;SOLAR;;
1336;TOPACIO;Fotovoltaico;SOLAR;;
1337;TUTUVEN;Fotovoltaico;SOLAR;;0.0
1338;NUEVA QUILLAGUA II;Fotovoltaico;SOLAR;;0.0
1339;CALDERAZA;Fotovoltaico;SOLAR;;
1340;CAUCE SOLAR;Fotovoltaico;SOLAR;;0.0
1341;FENIX;Fotovoltaico;SOLAR;;0.0
1342;ENCINA lll;Fotovoltaico;SOLAR;;0.0
1343;MILLAHUE;Fotovoltaico;SOLAR;;0.0
1344;GUINDO SANTO;Fotovoltaico;PMGD;;0.0
1345;RANGUIL SOLAR NORTE;Fotovoltaico;SOLAR;;0.0
1346;ANDES SOLAR III;Fotovoltaico;SOLAR;;
1347;PERLA DEL NORTE;Fotovoltaico;SOLAR;;0.0
1348;ESMERALDA;Fotovoltaico;SOLAR;;0.0
1349;BOIX;Fotovoltaico;SOLAR;;
1350;CHAMONATE SOLAR;Fotovoltaico;SOLAR;;
1351;PUMAS;Fotovoltaico;SOLAR;;0.0
1352;ALGARROBO;Fotovoltaico;SOLAR;;
1353;FALCON;Fotovoltaico;SOLAR;;0.0
1354;DON TITO;HidroeléctricaPasada;HIDROELECTRICA;;
1355;CKHURI;Eolico;Central;;0.0
1356;CALEU;Fotovoltaico;Central;;
1357;Nueva Imperial;BESS;BESS;;
1358;DEL_DESIERTO;BESS;BESS;;0.0
1359;RAMIREZ VERANO SOLAR;Fotovoltaico;SOLAR;;0.0
1360;CAPRICORNIO;BESS;BESS;;0.0
1361;ALGARROBO V;Fotovoltaico;SOLAR;;0.0
1362;BELLOTO;Fotovoltaico;SOLAR;;0.0
1363;BOIX BI;Fotovoltaico;SOLAR;;0.0
1364;PUIG SUNLIGHT;Fotovoltaico;SOLAR;;0.0
1365;TOLEDO;Fotovoltaico;SOLAR;;0.0
1366;DON TITO 2;HidroeléctricaPasada;HIDROELECTRICA;;0.0
1367;DINAMO;Fotovoltaico;SOLAR;;0.0
1368;SAN RAMON;Fotovoltaico;SOLAR;;0.0
1369;BRUJULA;Fotovoltaico;PMGD;;0.0
1370;CORRALES;Fotovoltaico;HIDROELECTRICA;;0.0
1371;MAITENES;BESS;BESS;;0.0
1372;DONA BERTA;Fotovoltaico;SOLAR;;0.0
1373;AMANECER;Fotovoltaico;SOLAR;;0.0
1374;LAS NIEVES;HidroeléctricaPasada;Central;;0.0
1375;DON EUGENIO;HidroeléctricaPasada;PMG;;0.0
1376;MARVER;Termica;TERMOELECTRICA;;0.0
1377;GUINDILLAS;Fotovoltaico;SOLAR;;0.0
1378;ANDESSOLAR3;Fotovoltaico;SOLAR;;0.0
1379;HORIZONTE NORTE;Eolico;EOLICA;;0.0
1380;ANGOL SOLAR;Fotovoltaico;SOLAR;;0.0
1381;PIRINCHO SOLAR;Fotovoltaico;SOLAR;;0.0
1382;HERGO LOS SAUCES;Fotovoltaico;PMGD;;0.0
1383;FARO SANTA HELENA;Fotovoltaico;PMGD;;0.0
1384;LA COSEHA;Fotovoltaico;SOLAR;;0.0
1385;QUILLAGUA II;BESS;BESS;;0.0
1386;TOCOPILLA;BESS;BESS;;0.0
1387;ANDROMEDA;Fotovoltaico;SOLAR;;0.0
1388;LUMILLA;Fotovoltaico;SOLAR;;0.0
1389;ROSA SHARON;Fotovoltaico;SOLAR;;0.0
1390;VALLE ALEGRE;Fotovoltaico;SOLAR;;0.0
1391;ALCAZAR SOLAR;Fotovoltaico;SOLAR;;0.0
